<?xml version="1.0" encoding="UTF-8"?>
<gpx version="1.1" creator="Reisezoom GPS Studio" xmlns="http://www.topografix.com/GPX/1/1">
<metadata><name>PRUEF Session-nach-Loeschen</name></metadata>
<trk><name>Monbachtal – Hohe Warte Runde von Unterreichenbach (Completed)</name><trkseg><trkpt lat="48.8018260" lon="8.7429160"><ele>415.80</ele><time>2019-02-22T10:39:33Z</time></trkpt><trkpt lat="48.8017400" lon="8.7430600"><ele>415.80</ele><time>2019-02-22T10:39:51Z</time></trkpt><trkpt lat="48.8001670" lon="8.7429360"><ele>420.80</ele><time>2019-02-22T11:10:00Z</time></trkpt><trkpt lat="48.8000870" lon="8.7430140"><ele>421.40</ele><time>2019-02-22T11:10:10Z</time></trkpt><trkpt lat="48.7930200" lon="8.7539320"><ele>485.10</ele><time>2019-02-22T13:29:55Z</time></trkpt><trkpt lat="48.7929600" lon="8.7540650"><ele>485.50</ele><time>2019-02-22T13:30:17Z</time></trkpt><trkpt lat="48.7929200" lon="8.7541910"><ele>485.80</ele><time>2019-02-22T13:30:27Z</time></trkpt><trkpt lat="48.7928300" lon="8.7542390"><ele>486.20</ele><time>2019-02-22T13:30:38Z</time></trkpt><trkpt lat="48.7926900" lon="8.7543280"><ele>486.70</ele><time>2019-02-22T13:31:20Z</time></trkpt><trkpt lat="48.7926000" lon="8.7543450"><ele>487.00</ele><time>2019-02-22T13:31:29Z</time></trkpt><trkpt lat="48.7925070" lon="8.7543000"><ele>487.40</ele><time>2019-02-22T13:31:51Z</time></trkpt><trkpt lat="48.7924540" lon="8.7544140"><ele>487.70</ele><time>2019-02-22T13:32:05Z</time></trkpt><trkpt lat="48.7924460" lon="8.7545600"><ele>488.10</ele><time>2019-02-22T13:32:11Z</time></trkpt><trkpt lat="48.7923970" lon="8.7546840"><ele>488.40</ele><time>2019-02-22T13:32:18Z</time></trkpt><trkpt lat="48.7923240" lon="8.7547770"><ele>488.80</ele><time>2019-02-22T13:32:26Z</time></trkpt><trkpt lat="48.7922440" lon="8.7548430"><ele>489.10</ele><time>2019-02-22T13:32:41Z</time></trkpt><trkpt lat="48.7921640" lon="8.7549360"><ele>489.50</ele><time>2019-02-22T13:32:49Z</time></trkpt><trkpt lat="48.7920880" lon="8.7550500"><ele>489.90</ele><time>2019-02-22T13:32:55Z</time></trkpt><trkpt lat="48.7920100" lon="8.7551300"><ele>490.20</ele><time>2019-02-22T13:33:04Z</time></trkpt><trkpt lat="48.7919300" lon="8.7552180"><ele>490.60</ele><time>2019-02-22T13:33:13Z</time></trkpt><trkpt lat="48.7918700" lon="8.7553410"><ele>491.00</ele><time>2019-02-22T13:33:21Z</time></trkpt><trkpt lat="48.7918050" lon="8.7554560"><ele>491.80</ele><time>2019-02-22T13:33:27Z</time></trkpt><trkpt lat="48.7917670" lon="8.7556020"><ele>492.70</ele><time>2019-02-22T13:33:33Z</time></trkpt><trkpt lat="48.7917000" lon="8.7557150"><ele>493.50</ele><time>2019-02-22T13:33:40Z</time></trkpt><trkpt lat="48.7916530" lon="8.7558350"><ele>494.30</ele><time>2019-02-22T13:33:48Z</time></trkpt><trkpt lat="48.7916070" lon="8.7559750"><ele>495.20</ele><time>2019-02-22T13:33:56Z</time></trkpt><trkpt lat="48.7915800" lon="8.7561150"><ele>496.00</ele><time>2019-02-22T13:34:04Z</time></trkpt><trkpt lat="48.7915400" lon="8.7562350"><ele>496.80</ele><time>2019-02-22T13:34:24Z</time></trkpt><trkpt lat="48.7914850" lon="8.7564430"><ele>498.00</ele><time>2019-02-22T13:35:16Z</time></trkpt><trkpt lat="48.7914500" lon="8.7565740"><ele>498.80</ele><time>2019-02-22T13:35:22Z</time></trkpt><trkpt lat="48.7913700" lon="8.7566600"><ele>499.70</ele><time>2019-02-22T13:35:28Z</time></trkpt><trkpt lat="48.7912830" lon="8.7566900"><ele>500.40</ele><time>2019-02-22T13:35:36Z</time></trkpt><trkpt lat="48.7911950" lon="8.7567350"><ele>501.20</ele><time>2019-02-22T13:35:43Z</time></trkpt><trkpt lat="48.7911070" lon="8.7567530"><ele>502.00</ele><time>2019-02-22T13:35:49Z</time></trkpt><trkpt lat="48.7910160" lon="8.7567470"><ele>502.70</ele><time>2019-02-22T13:35:56Z</time></trkpt><trkpt lat="48.7909280" lon="8.7567010"><ele>503.50</ele><time>2019-02-22T13:36:05Z</time></trkpt><trkpt lat="48.7908700" lon="8.7565870"><ele>504.30</ele><time>2019-02-22T13:36:10Z</time></trkpt><trkpt lat="48.7908100" lon="8.7564820"><ele>505.10</ele><time>2019-02-22T13:36:21Z</time></trkpt><trkpt lat="48.7907260" lon="8.7564160"><ele>505.90</ele><time>2019-02-22T13:36:31Z</time></trkpt><trkpt lat="48.7907100" lon="8.7565660"><ele>506.80</ele><time>2019-02-22T13:36:41Z</time></trkpt><trkpt lat="48.7906600" lon="8.7567000"><ele>507.70</ele><time>2019-02-22T13:36:52Z</time></trkpt><trkpt lat="48.7906900" lon="8.7568270"><ele>508.40</ele><time>2019-02-22T13:36:59Z</time></trkpt><trkpt lat="48.7907640" lon="8.7569260"><ele>509.30</ele><time>2019-02-22T13:37:08Z</time></trkpt><trkpt lat="48.7908400" lon="8.7570100"><ele>510.10</ele><time>2019-02-22T13:37:17Z</time></trkpt><trkpt lat="48.7909360" lon="8.7570660"><ele>511.00</ele><time>2019-02-22T13:37:24Z</time></trkpt><trkpt lat="48.7909700" lon="8.7571940"><ele>511.80</ele><time>2019-02-22T13:37:35Z</time></trkpt><trkpt lat="48.7910400" lon="8.7572980"><ele>512.70</ele><time>2019-02-22T13:37:50Z</time></trkpt><trkpt lat="48.7911640" lon="8.7576940"><ele>515.20</ele><time>2019-02-22T13:38:21Z</time></trkpt><trkpt lat="48.7912140" lon="8.7578380"><ele>516.10</ele><time>2019-02-22T13:38:35Z</time></trkpt><trkpt lat="48.7912330" lon="8.7579710"><ele>516.90</ele><time>2019-02-22T13:38:40Z</time></trkpt><trkpt lat="48.7912400" lon="8.7581110"><ele>517.70</ele><time>2019-02-22T13:38:47Z</time></trkpt><trkpt lat="48.7912450" lon="8.7582500"><ele>518.50</ele><time>2019-02-22T13:38:57Z</time></trkpt><trkpt lat="48.7912640" lon="8.7583970"><ele>519.30</ele><time>2019-02-22T13:39:06Z</time></trkpt><trkpt lat="48.7913000" lon="8.7585380"><ele>520.20</ele><time>2019-02-22T13:39:15Z</time></trkpt><trkpt lat="48.7913440" lon="8.7586710"><ele>521.00</ele><time>2019-02-22T13:39:25Z</time></trkpt><trkpt lat="48.7913970" lon="8.7587890"><ele>521.90</ele><time>2019-02-22T13:39:32Z</time></trkpt><trkpt lat="48.7914160" lon="8.7589460"><ele>522.60</ele><time>2019-02-22T13:39:39Z</time></trkpt><trkpt lat="48.7914600" lon="8.7590840"><ele>523.40</ele><time>2019-02-22T13:39:47Z</time></trkpt><trkpt lat="48.7915000" lon="8.7592170"><ele>524.10</ele><time>2019-02-22T13:39:56Z</time></trkpt><trkpt lat="48.7914730" lon="8.7593570"><ele>524.80</ele><time>2019-02-22T13:40:03Z</time></trkpt><trkpt lat="48.7914800" lon="8.7595070"><ele>525.50</ele><time>2019-02-22T13:40:14Z</time></trkpt><trkpt lat="48.7914800" lon="8.7596530"><ele>526.20</ele><time>2019-02-22T13:40:26Z</time></trkpt><trkpt lat="48.7915000" lon="8.7597890"><ele>526.90</ele><time>2019-02-22T13:40:37Z</time></trkpt><trkpt lat="48.7915150" lon="8.7599480"><ele>527.70</ele><time>2019-02-22T13:40:46Z</time></trkpt><trkpt lat="48.7916030" lon="8.7600160"><ele>528.40</ele><time>2019-02-22T13:40:59Z</time></trkpt><trkpt lat="48.7916950" lon="8.7600290"><ele>529.10</ele><time>2019-02-22T13:41:07Z</time></trkpt><trkpt lat="48.7917940" lon="8.7600050"><ele>529.80</ele><time>2019-02-22T13:41:17Z</time></trkpt><trkpt lat="48.7918430" lon="8.7598910"><ele>530.50</ele><time>2019-02-22T13:41:25Z</time></trkpt><trkpt lat="48.7918800" lon="8.7597470"><ele>531.30</ele><time>2019-02-22T13:41:34Z</time></trkpt><trkpt lat="48.7919540" lon="8.7596510"><ele>532.00</ele><time>2019-02-22T13:41:44Z</time></trkpt><trkpt lat="48.7920100" lon="8.7595420"><ele>532.60</ele><time>2019-02-22T13:41:52Z</time></trkpt><trkpt lat="48.7920880" lon="8.7594250"><ele>533.50</ele><time>2019-02-22T13:41:59Z</time></trkpt><trkpt lat="48.7921560" lon="8.7593300"><ele>534.10</ele><time>2019-02-22T13:42:05Z</time></trkpt><trkpt lat="48.7922330" lon="8.7592380"><ele>534.90</ele><time>2019-02-22T13:42:11Z</time></trkpt><trkpt lat="48.7922970" lon="8.7591240"><ele>535.40</ele><time>2019-02-22T13:42:18Z</time></trkpt><trkpt lat="48.7923500" lon="8.7590070"><ele>535.80</ele><time>2019-02-22T13:42:24Z</time></trkpt><trkpt lat="48.7924080" lon="8.7588830"><ele>536.10</ele><time>2019-02-22T13:42:33Z</time></trkpt><trkpt lat="48.7924730" lon="8.7587700"><ele>536.50</ele><time>2019-02-22T13:42:42Z</time></trkpt><trkpt lat="48.7925200" lon="8.7586380"><ele>536.90</ele><time>2019-02-22T13:42:52Z</time></trkpt><trkpt lat="48.7925800" lon="8.7585380"><ele>537.30</ele><time>2019-02-22T13:43:01Z</time></trkpt><trkpt lat="48.7926500" lon="8.7584340"><ele>537.60</ele><time>2019-02-22T13:43:09Z</time></trkpt><trkpt lat="48.7927130" lon="8.7583370"><ele>538.00</ele><time>2019-02-22T13:43:14Z</time></trkpt><trkpt lat="48.7928000" lon="8.7582610"><ele>538.40</ele><time>2019-02-22T13:43:18Z</time></trkpt><trkpt lat="48.7928800" lon="8.7581730"><ele>538.80</ele><time>2019-02-22T13:43:24Z</time></trkpt><trkpt lat="48.7929270" lon="8.7580290"><ele>539.20</ele><time>2019-02-22T13:43:32Z</time></trkpt><trkpt lat="48.7929880" lon="8.7579190"><ele>539.60</ele><time>2019-02-22T13:43:41Z</time></trkpt><trkpt lat="48.7930640" lon="8.7578300"><ele>539.90</ele><time>2019-02-22T13:43:49Z</time></trkpt><trkpt lat="48.7931330" lon="8.7577320"><ele>540.30</ele><time>2019-02-22T13:43:57Z</time></trkpt><trkpt lat="48.7932100" lon="8.7576530"><ele>540.70</ele><time>2019-02-22T13:44:01Z</time></trkpt><trkpt lat="48.7932850" lon="8.7575610"><ele>541.00</ele><time>2019-02-22T13:44:06Z</time></trkpt><trkpt lat="48.7933700" lon="8.7574890"><ele>541.40</ele><time>2019-02-22T13:44:12Z</time></trkpt><trkpt lat="48.7934500" lon="8.7574010"><ele>541.80</ele><time>2019-02-22T13:44:19Z</time></trkpt><trkpt lat="48.7935030" lon="8.7572770"><ele>542.20</ele><time>2019-02-22T13:44:28Z</time></trkpt><trkpt lat="48.7935830" lon="8.7571980"><ele>542.50</ele><time>2019-02-22T13:44:33Z</time></trkpt><trkpt lat="48.7936500" lon="8.7571070"><ele>542.80</ele><time>2019-02-22T13:44:38Z</time></trkpt><trkpt lat="48.7937280" lon="8.7570150"><ele>543.10</ele><time>2019-02-22T13:44:46Z</time></trkpt><trkpt lat="48.7938100" lon="8.7569230"><ele>543.40</ele><time>2019-02-22T13:44:52Z</time></trkpt><trkpt lat="48.7938580" lon="8.7568070"><ele>543.60</ele><time>2019-02-22T13:44:59Z</time></trkpt><trkpt lat="48.7939300" lon="8.7567050"><ele>544.00</ele><time>2019-02-22T13:45:06Z</time></trkpt><trkpt lat="48.7939640" lon="8.7565720"><ele>544.20</ele><time>2019-02-22T13:45:14Z</time></trkpt><trkpt lat="48.7940180" lon="8.7564460"><ele>544.50</ele><time>2019-02-22T13:45:22Z</time></trkpt><trkpt lat="48.7940900" lon="8.7563630"><ele>544.80</ele><time>2019-02-22T13:45:27Z</time></trkpt><trkpt lat="48.7941600" lon="8.7562700"><ele>545.10</ele><time>2019-02-22T13:45:32Z</time></trkpt><trkpt lat="48.7942350" lon="8.7561620"><ele>545.40</ele><time>2019-02-22T13:45:37Z</time></trkpt><trkpt lat="48.7943150" lon="8.7560650"><ele>545.70</ele><time>2019-02-22T13:45:46Z</time></trkpt><trkpt lat="48.7943700" lon="8.7559400"><ele>546.00</ele><time>2019-02-22T13:45:53Z</time></trkpt><trkpt lat="48.7944600" lon="8.7558740"><ele>546.40</ele><time>2019-02-22T13:45:59Z</time></trkpt><trkpt lat="48.7945370" lon="8.7557910"><ele>546.60</ele><time>2019-02-22T13:46:05Z</time></trkpt><trkpt lat="48.7946050" lon="8.7556830"><ele>546.90</ele><time>2019-02-22T13:46:10Z</time></trkpt><trkpt lat="48.7946970" lon="8.7556040"><ele>547.30</ele><time>2019-02-22T13:46:17Z</time></trkpt><trkpt lat="48.7947730" lon="8.7555250"><ele>547.60</ele><time>2019-02-22T13:46:22Z</time></trkpt><trkpt lat="48.7948380" lon="8.7554280"><ele>547.70</ele><time>2019-02-22T13:46:30Z</time></trkpt><trkpt lat="48.7948900" lon="8.7553180"><ele>547.60</ele><time>2019-02-22T13:46:38Z</time></trkpt><trkpt lat="48.7949640" lon="8.7552230"><ele>547.50</ele><time>2019-02-22T13:46:43Z</time></trkpt><trkpt lat="48.7950500" lon="8.7551260"><ele>547.40</ele><time>2019-02-22T13:46:49Z</time></trkpt><trkpt lat="48.7951240" lon="8.7550440"><ele>547.30</ele><time>2019-02-22T13:46:55Z</time></trkpt><trkpt lat="48.7952100" lon="8.7549510"><ele>547.20</ele><time>2019-02-22T13:47:01Z</time></trkpt><trkpt lat="48.7952900" lon="8.7548630"><ele>547.10</ele><time>2019-02-22T13:47:06Z</time></trkpt><trkpt lat="48.7953760" lon="8.7548030"><ele>547.00</ele><time>2019-02-22T13:47:12Z</time></trkpt><trkpt lat="48.7954520" lon="8.7547090"><ele>546.90</ele><time>2019-02-22T13:47:19Z</time></trkpt><trkpt lat="48.7955060" lon="8.7545910"><ele>546.80</ele><time>2019-02-22T13:47:28Z</time></trkpt><trkpt lat="48.7955780" lon="8.7545030"><ele>546.80</ele><time>2019-02-22T13:47:34Z</time></trkpt><trkpt lat="48.7956470" lon="8.7544040"><ele>546.70</ele><time>2019-02-22T13:47:42Z</time></trkpt><trkpt lat="48.7957230" lon="8.7543310"><ele>546.60</ele><time>2019-02-22T13:47:50Z</time></trkpt><trkpt lat="48.7959820" lon="8.7541630"><ele>546.30</ele><time>2019-02-22T13:48:52Z</time></trkpt><trkpt lat="48.7960620" lon="8.7540870"><ele>546.20</ele><time>2019-02-22T13:48:59Z</time></trkpt><trkpt lat="48.7961580" lon="8.7540360"><ele>546.10</ele><time>2019-02-22T13:49:11Z</time></trkpt><trkpt lat="48.7962230" lon="8.7539360"><ele>546.00</ele><time>2019-02-22T13:49:17Z</time></trkpt><trkpt lat="48.7963070" lon="8.7538550"><ele>546.00</ele><time>2019-02-22T13:49:24Z</time></trkpt><trkpt lat="48.7966040" lon="8.7535770"><ele>545.70</ele><time>2019-02-22T13:50:15Z</time></trkpt><trkpt lat="48.7966900" lon="8.7534990"><ele>545.70</ele><time>2019-02-22T13:50:20Z</time></trkpt><trkpt lat="48.7967700" lon="8.7534150"><ele>545.60</ele><time>2019-02-22T13:50:27Z</time></trkpt><trkpt lat="48.7968500" lon="8.7533280"><ele>545.50</ele><time>2019-02-22T13:50:34Z</time></trkpt><trkpt lat="48.7969200" lon="8.7532390"><ele>545.50</ele><time>2019-02-22T13:50:40Z</time></trkpt><trkpt lat="48.7969860" lon="8.7531380"><ele>545.40</ele><time>2019-02-22T13:50:44Z</time></trkpt><trkpt lat="48.7970540" lon="8.7530220"><ele>545.30</ele><time>2019-02-22T13:50:50Z</time></trkpt><trkpt lat="48.7971150" lon="8.7529120"><ele>545.30</ele><time>2019-02-22T13:51:01Z</time></trkpt><trkpt lat="48.7971900" lon="8.7528210"><ele>545.20</ele><time>2019-02-22T13:51:09Z</time></trkpt><trkpt lat="48.7972700" lon="8.7527260"><ele>545.10</ele><time>2019-02-22T13:51:16Z</time></trkpt><trkpt lat="48.7973400" lon="8.7526180"><ele>545.10</ele><time>2019-02-22T13:51:22Z</time></trkpt><trkpt lat="48.7974200" lon="8.7525110"><ele>545.00</ele><time>2019-02-22T13:51:28Z</time></trkpt><trkpt lat="48.7975000" lon="8.7524080"><ele>544.90</ele><time>2019-02-22T13:51:33Z</time></trkpt><trkpt lat="48.7975700" lon="8.7523160"><ele>544.90</ele><time>2019-02-22T13:51:40Z</time></trkpt><trkpt lat="48.7976600" lon="8.7522220"><ele>544.80</ele><time>2019-02-22T13:51:45Z</time></trkpt><trkpt lat="48.7977520" lon="8.7521530"><ele>544.40</ele><time>2019-02-22T13:51:52Z</time></trkpt><trkpt lat="48.7978200" lon="8.7520680"><ele>544.00</ele><time>2019-02-22T13:52:02Z</time></trkpt><trkpt lat="48.7978860" lon="8.7519520"><ele>543.60</ele><time>2019-02-22T13:52:08Z</time></trkpt><trkpt lat="48.7979400" lon="8.7518220"><ele>543.20</ele><time>2019-02-22T13:52:13Z</time></trkpt><trkpt lat="48.7979930" lon="8.7516940"><ele>542.80</ele><time>2019-02-22T13:52:19Z</time></trkpt><trkpt lat="48.7980540" lon="8.7515590"><ele>542.30</ele><time>2019-02-22T13:52:25Z</time></trkpt><trkpt lat="48.7981100" lon="8.7514470"><ele>542.00</ele><time>2019-02-22T13:52:31Z</time></trkpt><trkpt lat="48.7981760" lon="8.7513510"><ele>541.60</ele><time>2019-02-22T13:52:37Z</time></trkpt><trkpt lat="48.7982520" lon="8.7512700"><ele>541.20</ele><time>2019-02-22T13:52:43Z</time></trkpt><trkpt lat="48.7983300" lon="8.7511860"><ele>540.80</ele><time>2019-02-22T13:52:49Z</time></trkpt><trkpt lat="48.7984160" lon="8.7511300"><ele>540.50</ele><time>2019-02-22T13:52:53Z</time></trkpt><trkpt lat="48.7984850" lon="8.7510380"><ele>540.10</ele><time>2019-02-22T13:52:59Z</time></trkpt><trkpt lat="48.7985700" lon="8.7509430"><ele>539.70</ele><time>2019-02-22T13:53:05Z</time></trkpt><trkpt lat="48.7986220" lon="8.7508220"><ele>539.30</ele><time>2019-02-22T13:53:16Z</time></trkpt><trkpt lat="48.7987170" lon="8.7507600"><ele>538.90</ele><time>2019-02-22T13:53:22Z</time></trkpt><trkpt lat="48.7988100" lon="8.7506900"><ele>538.40</ele><time>2019-02-22T13:53:29Z</time></trkpt><trkpt lat="48.7989100" lon="8.7506410"><ele>538.00</ele><time>2019-02-22T13:53:34Z</time></trkpt><trkpt lat="48.7989960" lon="8.7505780"><ele>537.60</ele><time>2019-02-22T13:53:40Z</time></trkpt><trkpt lat="48.7990800" lon="8.7505140"><ele>537.10</ele><time>2019-02-22T13:53:48Z</time></trkpt><trkpt lat="48.7991640" lon="8.7504660"><ele>536.60</ele><time>2019-02-22T13:53:55Z</time></trkpt><trkpt lat="48.7992550" lon="8.7504310"><ele>536.10</ele><time>2019-02-22T13:54:01Z</time></trkpt><trkpt lat="48.7993280" lon="8.7503420"><ele>535.50</ele><time>2019-02-22T13:54:08Z</time></trkpt><trkpt lat="48.7994200" lon="8.7502790"><ele>534.90</ele><time>2019-02-22T13:54:15Z</time></trkpt><trkpt lat="48.7995030" lon="8.7502310"><ele>534.40</ele><time>2019-02-22T13:54:23Z</time></trkpt><trkpt lat="48.7996000" lon="8.7501970"><ele>533.80</ele><time>2019-02-22T13:54:31Z</time></trkpt><trkpt lat="48.7996830" lon="8.7501440"><ele>533.30</ele><time>2019-02-22T13:54:39Z</time></trkpt><trkpt lat="48.7997740" lon="8.7501970"><ele>532.70</ele><time>2019-02-22T13:54:46Z</time></trkpt><trkpt lat="48.7998730" lon="8.7502080"><ele>532.10</ele><time>2019-02-22T13:54:53Z</time></trkpt><trkpt lat="48.7999650" lon="8.7502470"><ele>531.60</ele><time>2019-02-22T13:54:59Z</time></trkpt><trkpt lat="48.8000560" lon="8.7502360"><ele>531.10</ele><time>2019-02-22T13:55:04Z</time></trkpt><trkpt lat="48.8001560" lon="8.7502330"><ele>530.50</ele><time>2019-02-22T13:55:11Z</time></trkpt><trkpt lat="48.8002430" lon="8.7502170"><ele>530.00</ele><time>2019-02-22T13:55:19Z</time></trkpt><trkpt lat="48.8003400" lon="8.7501790"><ele>529.40</ele><time>2019-02-22T13:55:26Z</time></trkpt><trkpt lat="48.8004260" lon="8.7501340"><ele>528.80</ele><time>2019-02-22T13:55:33Z</time></trkpt><trkpt lat="48.8005200" lon="8.7501240"><ele>528.30</ele><time>2019-02-22T13:55:39Z</time></trkpt><trkpt lat="48.8006250" lon="8.7501400"><ele>527.70</ele><time>2019-02-22T13:55:47Z</time></trkpt><trkpt lat="48.8007280" lon="8.7501200"><ele>527.10</ele><time>2019-02-22T13:55:54Z</time></trkpt><trkpt lat="48.8008300" lon="8.7500790"><ele>527.00</ele><time>2019-02-22T13:56:01Z</time></trkpt><trkpt lat="48.8009100" lon="8.7500060"><ele>527.10</ele><time>2019-02-22T13:56:10Z</time></trkpt><trkpt lat="48.8009900" lon="8.7499280"><ele>527.10</ele><time>2019-02-22T13:56:15Z</time></trkpt><trkpt lat="48.8010700" lon="8.7498390"><ele>527.20</ele><time>2019-02-22T13:56:22Z</time></trkpt><trkpt lat="48.8011360" lon="8.7497210"><ele>527.20</ele><time>2019-02-22T13:56:29Z</time></trkpt><trkpt lat="48.8012160" lon="8.7496580"><ele>527.30</ele><time>2019-02-22T13:56:38Z</time></trkpt><trkpt lat="48.8013040" lon="8.7495730"><ele>527.30</ele><time>2019-02-22T13:56:44Z</time></trkpt><trkpt lat="48.8013880" lon="8.7494780"><ele>527.40</ele><time>2019-02-22T13:56:49Z</time></trkpt><trkpt lat="48.8014400" lon="8.7493610"><ele>527.40</ele><time>2019-02-22T13:56:55Z</time></trkpt><trkpt lat="48.8015250" lon="8.7492660"><ele>527.50</ele><time>2019-02-22T13:57:01Z</time></trkpt><trkpt lat="48.8015900" lon="8.7491620"><ele>527.50</ele><time>2019-02-22T13:57:06Z</time></trkpt><trkpt lat="48.8016620" lon="8.7490840"><ele>527.60</ele><time>2019-02-22T13:57:12Z</time></trkpt><trkpt lat="48.8017400" lon="8.7490070"><ele>527.60</ele><time>2019-02-22T13:57:18Z</time></trkpt><trkpt lat="48.8018200" lon="8.7489400"><ele>527.70</ele><time>2019-02-22T13:57:24Z</time></trkpt><trkpt lat="48.8022730" lon="8.7487150"><ele>527.90</ele><time>2019-02-22T13:57:54Z</time></trkpt><trkpt lat="48.8023720" lon="8.7487090"><ele>528.00</ele><time>2019-02-22T13:58:07Z</time></trkpt><trkpt lat="48.8024700" lon="8.7486830"><ele>528.10</ele><time>2019-02-22T13:58:15Z</time></trkpt><trkpt lat="48.8025800" lon="8.7486570"><ele>528.20</ele><time>2019-02-22T13:58:21Z</time></trkpt><trkpt lat="48.8026770" lon="8.7486090"><ele>528.20</ele><time>2019-02-22T13:58:26Z</time></trkpt><trkpt lat="48.8027800" lon="8.7485730"><ele>528.30</ele><time>2019-02-22T13:58:36Z</time></trkpt><trkpt lat="48.8028830" lon="8.7485620"><ele>528.40</ele><time>2019-02-22T13:58:43Z</time></trkpt><trkpt lat="48.8029750" lon="8.7485360"><ele>528.50</ele><time>2019-02-22T13:58:49Z</time></trkpt><trkpt lat="48.8030600" lon="8.7484480"><ele>528.60</ele><time>2019-02-22T13:58:57Z</time></trkpt><trkpt lat="48.8031540" lon="8.7484250"><ele>528.60</ele><time>2019-02-22T13:59:02Z</time></trkpt><trkpt lat="48.8032600" lon="8.7483720"><ele>528.70</ele><time>2019-02-22T13:59:09Z</time></trkpt><trkpt lat="48.8033500" lon="8.7483020"><ele>528.80</ele><time>2019-02-22T13:59:16Z</time></trkpt><trkpt lat="48.8034320" lon="8.7482530"><ele>528.90</ele><time>2019-02-22T13:59:22Z</time></trkpt><trkpt lat="48.8035300" lon="8.7482480"><ele>528.90</ele><time>2019-02-22T13:59:28Z</time></trkpt><trkpt lat="48.8036230" lon="8.7482490"><ele>529.00</ele><time>2019-02-22T13:59:34Z</time></trkpt><trkpt lat="48.8037150" lon="8.7481990"><ele>529.10</ele><time>2019-02-22T13:59:42Z</time></trkpt><trkpt lat="48.8038000" lon="8.7481600"><ele>529.20</ele><time>2019-02-22T13:59:49Z</time></trkpt><trkpt lat="48.8038860" lon="8.7480760"><ele>529.20</ele><time>2019-02-22T13:59:57Z</time></trkpt><trkpt lat="48.8039860" lon="8.7480180"><ele>529.40</ele><time>2019-02-22T14:00:04Z</time></trkpt><trkpt lat="48.8040660" lon="8.7479490"><ele>529.60</ele><time>2019-02-22T14:00:13Z</time></trkpt><trkpt lat="48.8041500" lon="8.7478600"><ele>529.90</ele><time>2019-02-22T14:00:20Z</time></trkpt><trkpt lat="48.8042400" lon="8.7478100"><ele>530.20</ele><time>2019-02-22T14:00:26Z</time></trkpt><trkpt lat="48.8043370" lon="8.7478060"><ele>530.40</ele><time>2019-02-22T14:00:32Z</time></trkpt><trkpt lat="48.8044320" lon="8.7477830"><ele>530.70</ele><time>2019-02-22T14:00:38Z</time></trkpt><trkpt lat="48.8045350" lon="8.7477430"><ele>531.00</ele><time>2019-02-22T14:00:46Z</time></trkpt><trkpt lat="48.8046200" lon="8.7476770"><ele>531.20</ele><time>2019-02-22T14:00:52Z</time></trkpt><trkpt lat="48.8047070" lon="8.7475980"><ele>531.50</ele><time>2019-02-22T14:00:58Z</time></trkpt><trkpt lat="48.8047940" lon="8.7475330"><ele>531.80</ele><time>2019-02-22T14:01:03Z</time></trkpt><trkpt lat="48.8048740" lon="8.7474510"><ele>532.10</ele><time>2019-02-22T14:01:09Z</time></trkpt><trkpt lat="48.8049550" lon="8.7473870"><ele>532.30</ele><time>2019-02-22T14:01:15Z</time></trkpt><trkpt lat="48.8050350" lon="8.7473080"><ele>532.60</ele><time>2019-02-22T14:01:22Z</time></trkpt><trkpt lat="48.8051030" lon="8.7472050"><ele>532.80</ele><time>2019-02-22T14:01:29Z</time></trkpt><trkpt lat="48.8051950" lon="8.7471140"><ele>533.10</ele><time>2019-02-22T14:01:36Z</time></trkpt><trkpt lat="48.8052750" lon="8.7470440"><ele>533.40</ele><time>2019-02-22T14:01:41Z</time></trkpt><trkpt lat="48.8053400" lon="8.7469430"><ele>533.60</ele><time>2019-02-22T14:01:47Z</time></trkpt><trkpt lat="48.8054050" lon="8.7468480"><ele>533.90</ele><time>2019-02-22T14:01:53Z</time></trkpt><trkpt lat="48.8054800" lon="8.7467620"><ele>534.10</ele><time>2019-02-22T14:02:04Z</time></trkpt><trkpt lat="48.8055530" lon="8.7466870"><ele>534.50</ele><time>2019-02-22T14:02:07Z</time></trkpt><trkpt lat="48.8056220" lon="8.7465940"><ele>535.00</ele><time>2019-02-22T14:02:14Z</time></trkpt><trkpt lat="48.8057000" lon="8.7465110"><ele>535.40</ele><time>2019-02-22T14:02:21Z</time></trkpt><trkpt lat="48.8057820" lon="8.7464290"><ele>535.90</ele><time>2019-02-22T14:02:29Z</time></trkpt><trkpt lat="48.8058660" lon="8.7463500"><ele>536.40</ele><time>2019-02-22T14:02:35Z</time></trkpt><trkpt lat="48.8059500" lon="8.7462670"><ele>536.90</ele><time>2019-02-22T14:02:45Z</time></trkpt><trkpt lat="48.8060380" lon="8.7461700"><ele>537.40</ele><time>2019-02-22T14:02:52Z</time></trkpt><trkpt lat="48.8061260" lon="8.7461000"><ele>537.90</ele><time>2019-02-22T14:03:03Z</time></trkpt><trkpt lat="48.8062060" lon="8.7460290"><ele>538.40</ele><time>2019-02-22T14:03:09Z</time></trkpt><trkpt lat="48.8063000" lon="8.7459550"><ele>538.90</ele><time>2019-02-22T14:03:15Z</time></trkpt><trkpt lat="48.8063850" lon="8.7458990"><ele>539.40</ele><time>2019-02-22T14:03:20Z</time></trkpt><trkpt lat="48.8064730" lon="8.7458590"><ele>539.80</ele><time>2019-02-22T14:03:27Z</time></trkpt><trkpt lat="48.8065570" lon="8.7457920"><ele>540.30</ele><time>2019-02-22T14:03:34Z</time></trkpt><trkpt lat="48.8066520" lon="8.7457610"><ele>540.80</ele><time>2019-02-22T14:03:40Z</time></trkpt><trkpt lat="48.8067360" lon="8.7456920"><ele>541.20</ele><time>2019-02-22T14:03:46Z</time></trkpt><trkpt lat="48.8068100" lon="8.7456120"><ele>541.70</ele><time>2019-02-22T14:03:51Z</time></trkpt><trkpt lat="48.8068700" lon="8.7454890"><ele>542.20</ele><time>2019-02-22T14:04:00Z</time></trkpt><trkpt lat="48.8069340" lon="8.7453950"><ele>542.60</ele><time>2019-02-22T14:04:07Z</time></trkpt><trkpt lat="48.8070370" lon="8.7453390"><ele>543.10</ele><time>2019-02-22T14:04:14Z</time></trkpt><trkpt lat="48.8071200" lon="8.7452780"><ele>543.30</ele><time>2019-02-22T14:04:19Z</time></trkpt><trkpt lat="48.8072130" lon="8.7452350"><ele>543.40</ele><time>2019-02-22T14:04:26Z</time></trkpt><trkpt lat="48.8072900" lon="8.7451510"><ele>543.60</ele><time>2019-02-22T14:04:32Z</time></trkpt><trkpt lat="48.8073700" lon="8.7450760"><ele>543.80</ele><time>2019-02-22T14:04:43Z</time></trkpt><trkpt lat="48.8074200" lon="8.7449450"><ele>543.90</ele><time>2019-02-22T14:04:49Z</time></trkpt><trkpt lat="48.8075030" lon="8.7448710"><ele>544.10</ele><time>2019-02-22T14:04:54Z</time></trkpt><trkpt lat="48.8075700" lon="8.7447680"><ele>544.30</ele><time>2019-02-22T14:05:01Z</time></trkpt><trkpt lat="48.8076320" lon="8.7446670"><ele>544.40</ele><time>2019-02-22T14:05:06Z</time></trkpt><trkpt lat="48.8077160" lon="8.7446140"><ele>544.60</ele><time>2019-02-22T14:05:12Z</time></trkpt><trkpt lat="48.8077850" lon="8.7445140"><ele>544.70</ele><time>2019-02-22T14:05:19Z</time></trkpt><trkpt lat="48.8078500" lon="8.7444040"><ele>544.90</ele><time>2019-02-22T14:05:25Z</time></trkpt><trkpt lat="48.8079220" lon="8.7442890"><ele>545.10</ele><time>2019-02-22T14:05:30Z</time></trkpt><trkpt lat="48.8080100" lon="8.7441730"><ele>545.30</ele><time>2019-02-22T14:06:07Z</time></trkpt><trkpt lat="48.8080900" lon="8.7440840"><ele>545.40</ele><time>2019-02-22T14:06:18Z</time></trkpt><trkpt lat="48.8081740" lon="8.7440200"><ele>545.60</ele><time>2019-02-22T14:06:26Z</time></trkpt><trkpt lat="48.8082540" lon="8.7439400"><ele>545.80</ele><time>2019-02-22T14:06:36Z</time></trkpt><trkpt lat="48.8083460" lon="8.7438650"><ele>545.90</ele><time>2019-02-22T14:06:45Z</time></trkpt><trkpt lat="48.8084340" lon="8.7438190"><ele>546.10</ele><time>2019-02-22T14:06:53Z</time></trkpt><trkpt lat="48.8085170" lon="8.7437720"><ele>546.30</ele><time>2019-02-22T14:06:58Z</time></trkpt><trkpt lat="48.8086100" lon="8.7436940"><ele>546.60</ele><time>2019-02-22T14:07:03Z</time></trkpt><trkpt lat="48.8086660" lon="8.7435840"><ele>546.80</ele><time>2019-02-22T14:07:11Z</time></trkpt><trkpt lat="48.8087650" lon="8.7435490"><ele>547.10</ele><time>2019-02-22T14:07:19Z</time></trkpt><trkpt lat="48.8088460" lon="8.7434850"><ele>547.30</ele><time>2019-02-22T14:07:24Z</time></trkpt><trkpt lat="48.8089330" lon="8.7434200"><ele>547.60</ele><time>2019-02-22T14:07:29Z</time></trkpt><trkpt lat="48.8090250" lon="8.7433820"><ele>547.80</ele><time>2019-02-22T14:07:36Z</time></trkpt><trkpt lat="48.8091200" lon="8.7433290"><ele>548.10</ele><time>2019-02-22T14:07:42Z</time></trkpt><trkpt lat="48.8092000" lon="8.7432580"><ele>548.30</ele><time>2019-02-22T14:07:59Z</time></trkpt><trkpt lat="48.8092650" lon="8.7431570"><ele>548.60</ele><time>2019-02-22T14:08:04Z</time></trkpt><trkpt lat="48.8093300" lon="8.7430580"><ele>548.80</ele><time>2019-02-22T14:08:11Z</time></trkpt><trkpt lat="48.8094250" lon="8.7429850"><ele>549.10</ele><time>2019-02-22T14:08:19Z</time></trkpt><trkpt lat="48.8095100" lon="8.7429310"><ele>549.40</ele><time>2019-02-22T14:08:27Z</time></trkpt><trkpt lat="48.8095970" lon="8.7428340"><ele>549.60</ele><time>2019-02-22T14:08:33Z</time></trkpt><trkpt lat="48.8096900" lon="8.7428650"><ele>549.90</ele><time>2019-02-22T14:08:39Z</time></trkpt><trkpt lat="48.8097800" lon="8.7428560"><ele>550.10</ele><time>2019-02-22T14:08:48Z</time></trkpt><trkpt lat="48.8098700" lon="8.7428660"><ele>550.40</ele><time>2019-02-22T14:08:57Z</time></trkpt><trkpt lat="48.8099630" lon="8.7428720"><ele>550.60</ele><time>2019-02-22T14:09:06Z</time></trkpt><trkpt lat="48.8100600" lon="8.7428720"><ele>550.90</ele><time>2019-02-22T14:09:14Z</time></trkpt><trkpt lat="48.8101500" lon="8.7428400"><ele>551.30</ele><time>2019-02-22T14:09:20Z</time></trkpt><trkpt lat="48.8102500" lon="8.7428290"><ele>551.70</ele><time>2019-02-22T14:09:30Z</time></trkpt><trkpt lat="48.8103370" lon="8.7428190"><ele>552.10</ele><time>2019-02-22T14:09:36Z</time></trkpt><trkpt lat="48.8104250" lon="8.7427760"><ele>552.60</ele><time>2019-02-22T14:09:46Z</time></trkpt><trkpt lat="48.8105240" lon="8.7427490"><ele>553.00</ele><time>2019-02-22T14:09:53Z</time></trkpt><trkpt lat="48.8106160" lon="8.7427540"><ele>553.40</ele><time>2019-02-22T14:09:59Z</time></trkpt><trkpt lat="48.8107000" lon="8.7426970"><ele>553.90</ele><time>2019-02-22T14:10:03Z</time></trkpt><trkpt lat="48.8107150" lon="8.7425580"><ele>554.30</ele><time>2019-02-22T14:10:07Z</time></trkpt><trkpt lat="48.8106960" lon="8.7424090"><ele>554.80</ele><time>2019-02-22T14:10:14Z</time></trkpt><trkpt lat="48.8106580" lon="8.7422700"><ele>555.20</ele><time>2019-02-22T14:10:20Z</time></trkpt><trkpt lat="48.8105930" lon="8.7421610"><ele>555.70</ele><time>2019-02-22T14:10:26Z</time></trkpt><trkpt lat="48.8105130" lon="8.7420830"><ele>556.10</ele><time>2019-02-22T14:10:32Z</time></trkpt><trkpt lat="48.8104800" lon="8.7419510"><ele>556.50</ele><time>2019-02-22T14:10:38Z</time></trkpt><trkpt lat="48.8104170" lon="8.7418430"><ele>557.00</ele><time>2019-02-22T14:10:44Z</time></trkpt><trkpt lat="48.8103370" lon="8.7417540"><ele>557.40</ele><time>2019-02-22T14:10:50Z</time></trkpt><trkpt lat="48.8102840" lon="8.7416300"><ele>557.90</ele><time>2019-02-22T14:10:57Z</time></trkpt><trkpt lat="48.8102400" lon="8.7414920"><ele>558.30</ele><time>2019-02-22T14:11:04Z</time></trkpt><trkpt lat="48.8102300" lon="8.7413500"><ele>558.80</ele><time>2019-02-22T14:11:11Z</time></trkpt><trkpt lat="48.8102040" lon="8.7412150"><ele>559.20</ele><time>2019-02-22T14:11:18Z</time></trkpt><trkpt lat="48.8102200" lon="8.7413490"><ele>559.50</ele><time>2019-02-22T14:11:39Z</time></trkpt><trkpt lat="48.8101400" lon="8.7414520"><ele>559.80</ele><time>2019-02-22T14:11:49Z</time></trkpt><trkpt lat="48.8100550" lon="8.7414020"><ele>560.10</ele><time>2019-02-22T14:11:57Z</time></trkpt><trkpt lat="48.8099860" lon="8.7412990"><ele>560.30</ele><time>2019-02-22T14:12:04Z</time></trkpt><trkpt lat="48.8100400" lon="8.7414200"><ele>560.60</ele><time>2019-02-22T14:12:29Z</time></trkpt><trkpt lat="48.8101120" lon="8.7415070"><ele>560.90</ele><time>2019-02-22T14:12:34Z</time></trkpt><trkpt lat="48.8102000" lon="8.7415360"><ele>561.20</ele><time>2019-02-22T14:12:42Z</time></trkpt><trkpt lat="48.8102400" lon="8.7414020"><ele>561.50</ele><time>2019-02-22T14:12:49Z</time></trkpt><trkpt lat="48.8102300" lon="8.7412660"><ele>561.70</ele><time>2019-02-22T14:12:54Z</time></trkpt><trkpt lat="48.8101840" lon="8.7411320"><ele>562.00</ele><time>2019-02-22T14:13:00Z</time></trkpt><trkpt lat="48.8101500" lon="8.7409950"><ele>562.30</ele><time>2019-02-22T14:13:08Z</time></trkpt><trkpt lat="48.8101350" lon="8.7408500"><ele>562.60</ele><time>2019-02-22T14:13:15Z</time></trkpt><trkpt lat="48.8101120" lon="8.7406980"><ele>562.90</ele><time>2019-02-22T14:13:21Z</time></trkpt><trkpt lat="48.8101460" lon="8.7405670"><ele>563.20</ele><time>2019-02-22T14:13:28Z</time></trkpt><trkpt lat="48.8101960" lon="8.7404410"><ele>563.50</ele><time>2019-02-22T14:13:41Z</time></trkpt><trkpt lat="48.8102230" lon="8.7403120"><ele>563.70</ele><time>2019-02-22T14:13:49Z</time></trkpt><trkpt lat="48.8102870" lon="8.7402040"><ele>564.00</ele><time>2019-02-22T14:13:54Z</time></trkpt><trkpt lat="48.8103260" lon="8.7400530"><ele>564.30</ele><time>2019-02-22T14:14:05Z</time></trkpt><trkpt lat="48.8103400" lon="8.7399060"><ele>564.70</ele><time>2019-02-22T14:14:10Z</time></trkpt><trkpt lat="48.8103560" lon="8.7397460"><ele>565.40</ele><time>2019-02-22T14:14:17Z</time></trkpt><trkpt lat="48.8103300" lon="8.7396140"><ele>566.00</ele><time>2019-02-22T14:14:22Z</time></trkpt><trkpt lat="48.8103000" lon="8.7394570"><ele>566.70</ele><time>2019-02-22T14:14:29Z</time></trkpt><trkpt lat="48.8102900" lon="8.7392990"><ele>567.40</ele><time>2019-02-22T14:14:37Z</time></trkpt><trkpt lat="48.8103400" lon="8.7391790"><ele>568.00</ele><time>2019-02-22T14:14:41Z</time></trkpt><trkpt lat="48.8103600" lon="8.7390450"><ele>568.60</ele><time>2019-02-22T14:14:48Z</time></trkpt><trkpt lat="48.8104400" lon="8.7389640"><ele>569.30</ele><time>2019-02-22T14:14:59Z</time></trkpt><trkpt lat="48.8104820" lon="8.7388300"><ele>569.90</ele><time>2019-02-22T14:15:06Z</time></trkpt><trkpt lat="48.8104930" lon="8.7386910"><ele>570.50</ele><time>2019-02-22T14:15:12Z</time></trkpt><trkpt lat="48.8105350" lon="8.7385600"><ele>571.20</ele><time>2019-02-22T14:15:19Z</time></trkpt><trkpt lat="48.8105770" lon="8.7384120"><ele>571.90</ele><time>2019-02-22T14:15:26Z</time></trkpt><trkpt lat="48.8105960" lon="8.7382730"><ele>572.50</ele><time>2019-02-22T14:15:35Z</time></trkpt><trkpt lat="48.8106400" lon="8.7381320"><ele>573.10</ele><time>2019-02-22T14:15:42Z</time></trkpt><trkpt lat="48.8106580" lon="8.7379930"><ele>573.80</ele><time>2019-02-22T14:15:48Z</time></trkpt><trkpt lat="48.8106880" lon="8.7378570"><ele>574.40</ele><time>2019-02-22T14:15:56Z</time></trkpt><trkpt lat="48.8107220" lon="8.7377280"><ele>575.00</ele><time>2019-02-22T14:16:02Z</time></trkpt><trkpt lat="48.8107260" lon="8.7375840"><ele>575.60</ele><time>2019-02-22T14:16:08Z</time></trkpt><trkpt lat="48.8107450" lon="8.7374330"><ele>576.30</ele><time>2019-02-22T14:16:14Z</time></trkpt><trkpt lat="48.8107760" lon="8.7373050"><ele>576.40</ele><time>2019-02-22T14:16:21Z</time></trkpt><trkpt lat="48.8107950" lon="8.7371610"><ele>576.30</ele><time>2019-02-22T14:16:27Z</time></trkpt><trkpt lat="48.8107900" lon="8.7370230"><ele>576.30</ele><time>2019-02-22T14:16:32Z</time></trkpt><trkpt lat="48.8108370" lon="8.7368860"><ele>576.30</ele><time>2019-02-22T14:16:40Z</time></trkpt><trkpt lat="48.8108800" lon="8.7367550"><ele>576.20</ele><time>2019-02-22T14:16:47Z</time></trkpt><trkpt lat="48.8109250" lon="8.7366300"><ele>576.20</ele><time>2019-02-22T14:16:53Z</time></trkpt><trkpt lat="48.8109700" lon="8.7364990"><ele>576.20</ele><time>2019-02-22T14:17:00Z</time></trkpt><trkpt lat="48.8110100" lon="8.7363740"><ele>576.10</ele><time>2019-02-22T14:17:06Z</time></trkpt><trkpt lat="48.8110350" lon="8.7362430"><ele>576.10</ele><time>2019-02-22T14:17:15Z</time></trkpt><trkpt lat="48.8110900" lon="8.7361260"><ele>576.10</ele><time>2019-02-22T14:17:21Z</time></trkpt><trkpt lat="48.8111460" lon="8.7360070"><ele>576.10</ele><time>2019-02-22T14:17:26Z</time></trkpt><trkpt lat="48.8112070" lon="8.7358980"><ele>576.00</ele><time>2019-02-22T14:17:33Z</time></trkpt><trkpt lat="48.8112640" lon="8.7357870"><ele>576.00</ele><time>2019-02-22T14:17:39Z</time></trkpt><trkpt lat="48.8113370" lon="8.7356770"><ele>576.00</ele><time>2019-02-22T14:17:45Z</time></trkpt><trkpt lat="48.8114050" lon="8.7355760"><ele>575.90</ele><time>2019-02-22T14:17:51Z</time></trkpt><trkpt lat="48.8114500" lon="8.7354550"><ele>575.90</ele><time>2019-02-22T14:17:59Z</time></trkpt><trkpt lat="48.8114930" lon="8.7353140"><ele>575.90</ele><time>2019-02-22T14:18:08Z</time></trkpt><trkpt lat="48.8115540" lon="8.7351960"><ele>575.80</ele><time>2019-02-22T14:18:14Z</time></trkpt><trkpt lat="48.8116340" lon="8.7350860"><ele>575.70</ele><time>2019-02-22T14:18:19Z</time></trkpt><trkpt lat="48.8117330" lon="8.7350340"><ele>575.10</ele><time>2019-02-22T14:18:25Z</time></trkpt><trkpt lat="48.8118320" lon="8.7350050"><ele>574.60</ele><time>2019-02-22T14:18:32Z</time></trkpt><trkpt lat="48.8119200" lon="8.7349790"><ele>574.00</ele><time>2019-02-22T14:18:38Z</time></trkpt><trkpt lat="48.8120160" lon="8.7349580"><ele>573.50</ele><time>2019-02-22T14:18:45Z</time></trkpt><trkpt lat="48.8121200" lon="8.7349360"><ele>572.90</ele><time>2019-02-22T14:18:53Z</time></trkpt><trkpt lat="48.8122100" lon="8.7349330"><ele>572.40</ele><time>2019-02-22T14:19:00Z</time></trkpt><trkpt lat="48.8123100" lon="8.7349340"><ele>571.80</ele><time>2019-02-22T14:19:07Z</time></trkpt><trkpt lat="48.8124050" lon="8.7349530"><ele>571.20</ele><time>2019-02-22T14:19:15Z</time></trkpt><trkpt lat="48.8125080" lon="8.7349230"><ele>570.60</ele><time>2019-02-22T14:19:21Z</time></trkpt><trkpt lat="48.8126030" lon="8.7349080"><ele>570.10</ele><time>2019-02-22T14:19:28Z</time></trkpt><trkpt lat="48.8126900" lon="8.7348740"><ele>569.60</ele><time>2019-02-22T14:19:34Z</time></trkpt><trkpt lat="48.8127900" lon="8.7348430"><ele>569.00</ele><time>2019-02-22T14:19:43Z</time></trkpt><trkpt lat="48.8128930" lon="8.7348090"><ele>568.40</ele><time>2019-02-22T14:19:48Z</time></trkpt><trkpt lat="48.8129900" lon="8.7347830"><ele>567.80</ele><time>2019-02-22T14:19:53Z</time></trkpt><trkpt lat="48.8130900" lon="8.7347810"><ele>567.20</ele><time>2019-02-22T14:20:01Z</time></trkpt><trkpt lat="48.8131870" lon="8.7347590"><ele>566.60</ele><time>2019-02-22T14:20:07Z</time></trkpt><trkpt lat="48.8132600" lon="8.7346590"><ele>566.10</ele><time>2019-02-22T14:20:16Z</time></trkpt><trkpt lat="48.8133000" lon="8.7345200"><ele>565.50</ele><time>2019-02-22T14:20:22Z</time></trkpt><trkpt lat="48.8132900" lon="8.7343630"><ele>564.90</ele><time>2019-02-22T14:20:31Z</time></trkpt><trkpt lat="48.8132900" lon="8.7342180"><ele>564.40</ele><time>2019-02-22T14:20:35Z</time></trkpt><trkpt lat="48.8132930" lon="8.7340440"><ele>563.70</ele><time>2019-02-22T14:20:39Z</time></trkpt><trkpt lat="48.8133160" lon="8.7338940"><ele>563.10</ele><time>2019-02-22T14:20:47Z</time></trkpt><trkpt lat="48.8133130" lon="8.7337500"><ele>562.60</ele><time>2019-02-22T14:20:57Z</time></trkpt><trkpt lat="48.8133850" lon="8.7336510"><ele>562.00</ele><time>2019-02-22T14:21:05Z</time></trkpt><trkpt lat="48.8134840" lon="8.7336290"><ele>561.50</ele><time>2019-02-22T14:21:12Z</time></trkpt><trkpt lat="48.8135600" lon="8.7335480"><ele>560.90</ele><time>2019-02-22T14:21:18Z</time></trkpt><trkpt lat="48.8136440" lon="8.7334810"><ele>560.40</ele><time>2019-02-22T14:21:25Z</time></trkpt><trkpt lat="48.8137360" lon="8.7334330"><ele>559.80</ele><time>2019-02-22T14:21:30Z</time></trkpt><trkpt lat="48.8138240" lon="8.7333900"><ele>559.30</ele><time>2019-02-22T14:21:36Z</time></trkpt><trkpt lat="48.8139230" lon="8.7333410"><ele>558.70</ele><time>2019-02-22T14:21:43Z</time></trkpt><trkpt lat="48.8140200" lon="8.7332810"><ele>558.10</ele><time>2019-02-22T14:21:49Z</time></trkpt><trkpt lat="48.8141000" lon="8.7332030"><ele>557.60</ele><time>2019-02-22T14:21:55Z</time></trkpt><trkpt lat="48.8141630" lon="8.7331020"><ele>557.10</ele><time>2019-02-22T14:22:03Z</time></trkpt><trkpt lat="48.8142430" lon="8.7330260"><ele>556.50</ele><time>2019-02-22T14:22:10Z</time></trkpt><trkpt lat="48.8143350" lon="8.7329520"><ele>555.90</ele><time>2019-02-22T14:22:17Z</time></trkpt><trkpt lat="48.8144150" lon="8.7328610"><ele>555.40</ele><time>2019-02-22T14:22:23Z</time></trkpt><trkpt lat="48.8144900" lon="8.7327680"><ele>555.00</ele><time>2019-02-22T14:22:30Z</time></trkpt><trkpt lat="48.8145700" lon="8.7327060"><ele>554.80</ele><time>2019-02-22T14:22:37Z</time></trkpt><trkpt lat="48.8146630" lon="8.7326390"><ele>554.50</ele><time>2019-02-22T14:22:45Z</time></trkpt><trkpt lat="48.8147430" lon="8.7325640"><ele>554.30</ele><time>2019-02-22T14:22:53Z</time></trkpt><trkpt lat="48.8148350" lon="8.7325280"><ele>554.10</ele><time>2019-02-22T14:22:59Z</time></trkpt><trkpt lat="48.8149380" lon="8.7324940"><ele>553.80</ele><time>2019-02-22T14:23:05Z</time></trkpt><trkpt lat="48.8150400" lon="8.7324500"><ele>553.50</ele><time>2019-02-22T14:23:12Z</time></trkpt><trkpt lat="48.8151250" lon="8.7323620"><ele>553.30</ele><time>2019-02-22T14:23:18Z</time></trkpt><trkpt lat="48.8152100" lon="8.7322780"><ele>553.00</ele><time>2019-02-22T14:23:23Z</time></trkpt><trkpt lat="48.8152920" lon="8.7322290"><ele>552.80</ele><time>2019-02-22T14:23:31Z</time></trkpt><trkpt lat="48.8153840" lon="8.7321970"><ele>552.60</ele><time>2019-02-22T14:23:37Z</time></trkpt><trkpt lat="48.8154560" lon="8.7321110"><ele>552.40</ele><time>2019-02-22T14:23:44Z</time></trkpt><trkpt lat="48.8155300" lon="8.7320110"><ele>552.10</ele><time>2019-02-22T14:23:52Z</time></trkpt><trkpt lat="48.8156300" lon="8.7319830"><ele>551.90</ele><time>2019-02-22T14:23:58Z</time></trkpt><trkpt lat="48.8157200" lon="8.7319490"><ele>551.60</ele><time>2019-02-22T14:24:03Z</time></trkpt><trkpt lat="48.8158100" lon="8.7319470"><ele>551.40</ele><time>2019-02-22T14:24:09Z</time></trkpt><trkpt lat="48.8159030" lon="8.7318730"><ele>551.10</ele><time>2019-02-22T14:24:15Z</time></trkpt><trkpt lat="48.8159870" lon="8.7318130"><ele>550.90</ele><time>2019-02-22T14:24:22Z</time></trkpt><trkpt lat="48.8160670" lon="8.7317420"><ele>550.70</ele><time>2019-02-22T14:24:29Z</time></trkpt><trkpt lat="48.8161540" lon="8.7316690"><ele>550.80</ele><time>2019-02-22T14:24:36Z</time></trkpt><trkpt lat="48.8162540" lon="8.7316370"><ele>550.90</ele><time>2019-02-22T14:24:42Z</time></trkpt><trkpt lat="48.8163340" lon="8.7315580"><ele>551.00</ele><time>2019-02-22T14:24:50Z</time></trkpt><trkpt lat="48.8164180" lon="8.7315090"><ele>551.10</ele><time>2019-02-22T14:24:57Z</time></trkpt><trkpt lat="48.8165130" lon="8.7315110"><ele>551.20</ele><time>2019-02-22T14:25:04Z</time></trkpt><trkpt lat="48.8166000" lon="8.7314210"><ele>551.30</ele><time>2019-02-22T14:25:09Z</time></trkpt><trkpt lat="48.8166960" lon="8.7313640"><ele>551.40</ele><time>2019-02-22T14:25:16Z</time></trkpt><trkpt lat="48.8167900" lon="8.7313240"><ele>551.50</ele><time>2019-02-22T14:25:22Z</time></trkpt><trkpt lat="48.8168900" lon="8.7312960"><ele>551.60</ele><time>2019-02-22T14:25:30Z</time></trkpt><trkpt lat="48.8169860" lon="8.7312700"><ele>551.70</ele><time>2019-02-22T14:25:37Z</time></trkpt><trkpt lat="48.8170850" lon="8.7312290"><ele>551.90</ele><time>2019-02-22T14:25:45Z</time></trkpt><trkpt lat="48.8171800" lon="8.7312000"><ele>552.00</ele><time>2019-02-22T14:25:51Z</time></trkpt><trkpt lat="48.8172840" lon="8.7311720"><ele>552.10</ele><time>2019-02-22T14:25:58Z</time></trkpt><trkpt lat="48.8173830" lon="8.7311710"><ele>552.20</ele><time>2019-02-22T14:26:04Z</time></trkpt><trkpt lat="48.8174860" lon="8.7311800"><ele>552.30</ele><time>2019-02-22T14:26:12Z</time></trkpt><trkpt lat="48.8175850" lon="8.7311620"><ele>552.40</ele><time>2019-02-22T14:26:20Z</time></trkpt><trkpt lat="48.8176770" lon="8.7311010"><ele>552.50</ele><time>2019-02-22T14:26:29Z</time></trkpt><trkpt lat="48.8177640" lon="8.7310600"><ele>552.60</ele><time>2019-02-22T14:26:37Z</time></trkpt><trkpt lat="48.8178520" lon="8.7310030"><ele>553.10</ele><time>2019-02-22T14:26:44Z</time></trkpt><trkpt lat="48.8179320" lon="8.7309420"><ele>553.70</ele><time>2019-02-22T14:26:54Z</time></trkpt><trkpt lat="48.8180240" lon="8.7309040"><ele>554.30</ele><time>2019-02-22T14:27:06Z</time></trkpt><trkpt lat="48.8181230" lon="8.7308910"><ele>554.90</ele><time>2019-02-22T14:27:13Z</time></trkpt><trkpt lat="48.8182200" lon="8.7308950"><ele>555.50</ele><time>2019-02-22T14:27:18Z</time></trkpt><trkpt lat="48.8183060" lon="8.7309060"><ele>556.00</ele><time>2019-02-22T14:27:29Z</time></trkpt><trkpt lat="48.8184000" lon="8.7308860"><ele>556.60</ele><time>2019-02-22T14:27:34Z</time></trkpt><trkpt lat="48.8184970" lon="8.7308460"><ele>557.20</ele><time>2019-02-22T14:27:41Z</time></trkpt><trkpt lat="48.8185920" lon="8.7308240"><ele>557.70</ele><time>2019-02-22T14:27:48Z</time></trkpt><trkpt lat="48.8186840" lon="8.7307940"><ele>558.30</ele><time>2019-02-22T14:27:55Z</time></trkpt><trkpt lat="48.8187700" lon="8.7308520"><ele>558.90</ele><time>2019-02-22T14:28:03Z</time></trkpt><trkpt lat="48.8188600" lon="8.7308700"><ele>559.40</ele><time>2019-02-22T14:28:12Z</time></trkpt><trkpt lat="48.8188670" lon="8.7307190"><ele>560.00</ele><time>2019-02-22T14:28:19Z</time></trkpt><trkpt lat="48.8188550" lon="8.7305690"><ele>560.60</ele><time>2019-02-22T14:28:25Z</time></trkpt><trkpt lat="48.8188800" lon="8.7304260"><ele>561.20</ele><time>2019-02-22T14:28:31Z</time></trkpt><trkpt lat="48.8188800" lon="8.7302710"><ele>561.90</ele><time>2019-02-22T14:28:38Z</time></trkpt><trkpt lat="48.8188820" lon="8.7301210"><ele>562.40</ele><time>2019-02-22T14:28:45Z</time></trkpt><trkpt lat="48.8188860" lon="8.7299730"><ele>563.00</ele><time>2019-02-22T14:28:53Z</time></trkpt><trkpt lat="48.8189280" lon="8.7298310"><ele>563.70</ele><time>2019-02-22T14:28:59Z</time></trkpt><trkpt lat="48.8189300" lon="8.7296920"><ele>564.30</ele><time>2019-02-22T14:29:06Z</time></trkpt><trkpt lat="48.8189350" lon="8.7295510"><ele>564.90</ele><time>2019-02-22T14:29:12Z</time></trkpt><trkpt lat="48.8189740" lon="8.7294110"><ele>565.50</ele><time>2019-02-22T14:29:18Z</time></trkpt><trkpt lat="48.8190000" lon="8.7292800"><ele>566.10</ele><time>2019-02-22T14:29:25Z</time></trkpt><trkpt lat="48.8190000" lon="8.7291360"><ele>566.70</ele><time>2019-02-22T14:29:32Z</time></trkpt><trkpt lat="48.8190350" lon="8.7290080"><ele>567.30</ele><time>2019-02-22T14:29:39Z</time></trkpt><trkpt lat="48.8190880" lon="8.7288920"><ele>567.90</ele><time>2019-02-22T14:29:46Z</time></trkpt><trkpt lat="48.8191530" lon="8.7287730"><ele>568.60</ele><time>2019-02-22T14:29:52Z</time></trkpt><trkpt lat="48.8192100" lon="8.7286630"><ele>569.20</ele><time>2019-02-22T14:29:59Z</time></trkpt><trkpt lat="48.8193000" lon="8.7285870"><ele>569.90</ele><time>2019-02-22T14:30:05Z</time></trkpt><trkpt lat="48.8193780" lon="8.7284700"><ele>570.60</ele><time>2019-02-22T14:30:12Z</time></trkpt><trkpt lat="48.8194350" lon="8.7283580"><ele>571.20</ele><time>2019-02-22T14:30:18Z</time></trkpt><trkpt lat="48.8194960" lon="8.7282570"><ele>571.80</ele><time>2019-02-22T14:30:24Z</time></trkpt><trkpt lat="48.8195420" lon="8.7281370"><ele>572.40</ele><time>2019-02-22T14:30:32Z</time></trkpt><trkpt lat="48.8196030" lon="8.7280250"><ele>573.00</ele><time>2019-02-22T14:30:39Z</time></trkpt><trkpt lat="48.8196870" lon="8.7279440"><ele>573.70</ele><time>2019-02-22T14:30:45Z</time></trkpt><trkpt lat="48.8197750" lon="8.7279030"><ele>574.30</ele><time>2019-02-22T14:30:53Z</time></trkpt><trkpt lat="48.8198620" lon="8.7278400"><ele>574.90</ele><time>2019-02-22T14:31:03Z</time></trkpt><trkpt lat="48.8199460" lon="8.7277680"><ele>575.40</ele><time>2019-02-22T14:31:11Z</time></trkpt><trkpt lat="48.8200400" lon="8.7277040"><ele>575.80</ele><time>2019-02-22T14:31:20Z</time></trkpt><trkpt lat="48.8201300" lon="8.7276580"><ele>576.20</ele><time>2019-02-22T14:31:26Z</time></trkpt><trkpt lat="48.8202200" lon="8.7276130"><ele>576.50</ele><time>2019-02-22T14:31:32Z</time></trkpt><trkpt lat="48.8203160" lon="8.7275750"><ele>576.90</ele><time>2019-02-22T14:31:39Z</time></trkpt><trkpt lat="48.8204080" lon="8.7275050"><ele>577.30</ele><time>2019-02-22T14:31:46Z</time></trkpt><trkpt lat="48.8204900" lon="8.7274450"><ele>577.70</ele><time>2019-02-22T14:31:52Z</time></trkpt><trkpt lat="48.8205800" lon="8.7273590"><ele>578.10</ele><time>2019-02-22T14:32:00Z</time></trkpt><trkpt lat="48.8206670" lon="8.7273130"><ele>578.40</ele><time>2019-02-22T14:32:07Z</time></trkpt><trkpt lat="48.8207400" lon="8.7272260"><ele>578.80</ele><time>2019-02-22T14:32:15Z</time></trkpt><trkpt lat="48.8208270" lon="8.7271760"><ele>579.10</ele><time>2019-02-22T14:32:22Z</time></trkpt><trkpt lat="48.8209200" lon="8.7271190"><ele>579.50</ele><time>2019-02-22T14:32:27Z</time></trkpt><trkpt lat="48.8210070" lon="8.7270740"><ele>579.90</ele><time>2019-02-22T14:32:34Z</time></trkpt><trkpt lat="48.8209880" lon="8.7269340"><ele>580.30</ele><time>2019-02-22T14:32:40Z</time></trkpt><trkpt lat="48.8209340" lon="8.7268210"><ele>580.60</ele><time>2019-02-22T14:32:46Z</time></trkpt><trkpt lat="48.8208920" lon="8.7266870"><ele>581.00</ele><time>2019-02-22T14:32:54Z</time></trkpt><trkpt lat="48.8208920" lon="8.7265500"><ele>581.30</ele><time>2019-02-22T14:33:00Z</time></trkpt><trkpt lat="48.8208540" lon="8.7264120"><ele>581.70</ele><time>2019-02-22T14:33:06Z</time></trkpt><trkpt lat="48.8208540" lon="8.7262580"><ele>582.10</ele><time>2019-02-22T14:33:11Z</time></trkpt><trkpt lat="48.8207860" lon="8.7261400"><ele>581.40</ele><time>2019-02-22T14:33:17Z</time></trkpt><trkpt lat="48.8207300" lon="8.7260120"><ele>580.50</ele><time>2019-02-22T14:33:23Z</time></trkpt><trkpt lat="48.8206700" lon="8.7258980"><ele>579.70</ele><time>2019-02-22T14:33:29Z</time></trkpt><trkpt lat="48.8206020" lon="8.7257950"><ele>578.80</ele><time>2019-02-22T14:33:36Z</time></trkpt><trkpt lat="48.8206500" lon="8.7256600"><ele>577.90</ele><time>2019-02-22T14:33:40Z</time></trkpt><trkpt lat="48.8206370" lon="8.7255020"><ele>577.00</ele><time>2019-02-22T14:33:46Z</time></trkpt><trkpt lat="48.8205800" lon="8.7253850"><ele>576.10</ele><time>2019-02-22T14:33:53Z</time></trkpt><trkpt lat="48.8205340" lon="8.7252590"><ele>575.30</ele><time>2019-02-22T14:34:00Z</time></trkpt><trkpt lat="48.8204600" lon="8.7251620"><ele>574.40</ele><time>2019-02-22T14:34:06Z</time></trkpt><trkpt lat="48.8204040" lon="8.7250370"><ele>573.60</ele><time>2019-02-22T14:34:13Z</time></trkpt><trkpt lat="48.8203960" lon="8.7248960"><ele>572.70</ele><time>2019-02-22T14:34:19Z</time></trkpt><trkpt lat="48.8203430" lon="8.7247660"><ele>571.80</ele><time>2019-02-22T14:34:26Z</time></trkpt><trkpt lat="48.8203050" lon="8.7246280"><ele>571.00</ele><time>2019-02-22T14:34:33Z</time></trkpt><trkpt lat="48.8202900" lon="8.7244890"><ele>570.20</ele><time>2019-02-22T14:34:39Z</time></trkpt><trkpt lat="48.8203300" lon="8.7243500"><ele>569.30</ele><time>2019-02-22T14:34:45Z</time></trkpt><trkpt lat="48.8203800" lon="8.7242160"><ele>568.40</ele><time>2019-02-22T14:34:53Z</time></trkpt><trkpt lat="48.8204460" lon="8.7241030"><ele>567.50</ele><time>2019-02-22T14:35:00Z</time></trkpt><trkpt lat="48.8204900" lon="8.7239810"><ele>566.70</ele><time>2019-02-22T14:35:07Z</time></trkpt><trkpt lat="48.8205530" lon="8.7238580"><ele>565.80</ele><time>2019-02-22T14:35:15Z</time></trkpt><trkpt lat="48.8206200" lon="8.7237680"><ele>565.10</ele><time>2019-02-22T14:35:22Z</time></trkpt><trkpt lat="48.8206830" lon="8.7236590"><ele>564.40</ele><time>2019-02-22T14:35:29Z</time></trkpt><trkpt lat="48.8207800" lon="8.7236080"><ele>563.60</ele><time>2019-02-22T14:35:36Z</time></trkpt><trkpt lat="48.8207050" lon="8.7236810"><ele>562.90</ele><time>2019-02-22T14:36:11Z</time></trkpt><trkpt lat="48.8208100" lon="8.7236520"><ele>562.10</ele><time>2019-02-22T14:36:30Z</time></trkpt><trkpt lat="48.8209100" lon="8.7236660"><ele>561.30</ele><time>2019-02-22T14:36:38Z</time></trkpt><trkpt lat="48.8210220" lon="8.7236910"><ele>560.40</ele><time>2019-02-22T14:36:45Z</time></trkpt><trkpt lat="48.8211100" lon="8.7237410"><ele>559.70</ele><time>2019-02-22T14:36:50Z</time></trkpt><trkpt lat="48.8211980" lon="8.7237560"><ele>559.00</ele><time>2019-02-22T14:36:56Z</time></trkpt><trkpt lat="48.8212930" lon="8.7237590"><ele>558.20</ele><time>2019-02-22T14:37:02Z</time></trkpt><trkpt lat="48.8213960" lon="8.7237850"><ele>557.40</ele><time>2019-02-22T14:37:08Z</time></trkpt><trkpt lat="48.8214840" lon="8.7238650"><ele>556.60</ele><time>2019-02-22T14:37:15Z</time></trkpt><trkpt lat="48.8215800" lon="8.7238720"><ele>555.90</ele><time>2019-02-22T14:37:21Z</time></trkpt><trkpt lat="48.8216700" lon="8.7238630"><ele>555.10</ele><time>2019-02-22T14:37:27Z</time></trkpt><trkpt lat="48.8217740" lon="8.7239080"><ele>554.30</ele><time>2019-02-22T14:37:34Z</time></trkpt><trkpt lat="48.8218730" lon="8.7239580"><ele>553.50</ele><time>2019-02-22T14:37:44Z</time></trkpt><trkpt lat="48.8219800" lon="8.7239590"><ele>552.60</ele><time>2019-02-22T14:37:52Z</time></trkpt><trkpt lat="48.8220830" lon="8.7239560"><ele>552.50</ele><time>2019-02-22T14:37:56Z</time></trkpt><trkpt lat="48.8221780" lon="8.7239540"><ele>553.00</ele><time>2019-02-22T14:38:02Z</time></trkpt><trkpt lat="48.8222800" lon="8.7239660"><ele>553.50</ele><time>2019-02-22T14:38:08Z</time></trkpt><trkpt lat="48.8223720" lon="8.7239300"><ele>554.00</ele><time>2019-02-22T14:38:13Z</time></trkpt><trkpt lat="48.8224680" lon="8.7239580"><ele>554.50</ele><time>2019-02-22T14:38:21Z</time></trkpt><trkpt lat="48.8225630" lon="8.7239370"><ele>555.00</ele><time>2019-02-22T14:38:28Z</time></trkpt><trkpt lat="48.8226400" lon="8.7238440"><ele>555.60</ele><time>2019-02-22T14:38:37Z</time></trkpt><trkpt lat="48.8227230" lon="8.7237780"><ele>556.10</ele><time>2019-02-22T14:38:43Z</time></trkpt><trkpt lat="48.8227920" lon="8.7236870"><ele>556.50</ele><time>2019-02-22T14:38:52Z</time></trkpt><trkpt lat="48.8228800" lon="8.7236430"><ele>557.00</ele><time>2019-02-22T14:39:00Z</time></trkpt><trkpt lat="48.8229300" lon="8.7237630"><ele>557.50</ele><time>2019-02-22T14:39:09Z</time></trkpt><trkpt lat="48.8229900" lon="8.7238660"><ele>558.00</ele><time>2019-02-22T14:39:16Z</time></trkpt><trkpt lat="48.8230200" lon="8.7239940"><ele>558.50</ele><time>2019-02-22T14:39:24Z</time></trkpt><trkpt lat="48.8230860" lon="8.7240960"><ele>559.00</ele><time>2019-02-22T14:39:32Z</time></trkpt><trkpt lat="48.8231400" lon="8.7242110"><ele>559.50</ele><time>2019-02-22T14:39:39Z</time></trkpt><trkpt lat="48.8231540" lon="8.7243510"><ele>560.00</ele><time>2019-02-22T14:39:46Z</time></trkpt><trkpt lat="48.8231770" lon="8.7245120"><ele>560.50</ele><time>2019-02-22T14:39:51Z</time></trkpt><trkpt lat="48.8232400" lon="8.7246390"><ele>561.10</ele><time>2019-02-22T14:40:00Z</time></trkpt><trkpt lat="48.8232350" lon="8.7247980"><ele>561.70</ele><time>2019-02-22T14:40:05Z</time></trkpt><trkpt lat="48.8232600" lon="8.7249330"><ele>562.20</ele><time>2019-02-22T14:40:12Z</time></trkpt><trkpt lat="48.8233450" lon="8.7250160"><ele>562.90</ele><time>2019-02-22T14:40:19Z</time></trkpt><trkpt lat="48.8234140" lon="8.7251010"><ele>563.50</ele><time>2019-02-22T14:40:26Z</time></trkpt><trkpt lat="48.8234830" lon="8.7252190"><ele>564.10</ele><time>2019-02-22T14:40:33Z</time></trkpt><trkpt lat="48.8235800" lon="8.7252830"><ele>564.80</ele><time>2019-02-22T14:40:39Z</time></trkpt><trkpt lat="48.8236800" lon="8.7253450"><ele>565.50</ele><time>2019-02-22T14:40:46Z</time></trkpt><trkpt lat="48.8237600" lon="8.7254160"><ele>566.10</ele><time>2019-02-22T14:40:52Z</time></trkpt><trkpt lat="48.8238530" lon="8.7254570"><ele>566.70</ele><time>2019-02-22T14:40:59Z</time></trkpt><trkpt lat="48.8239560" lon="8.7255010"><ele>567.40</ele><time>2019-02-22T14:41:06Z</time></trkpt><trkpt lat="48.8240400" lon="8.7255790"><ele>568.10</ele><time>2019-02-22T14:41:13Z</time></trkpt><trkpt lat="48.8241160" lon="8.7256750"><ele>568.70</ele><time>2019-02-22T14:41:21Z</time></trkpt><trkpt lat="48.8242200" lon="8.7256960"><ele>569.40</ele><time>2019-02-22T14:41:28Z</time></trkpt><trkpt lat="48.8243260" lon="8.7257240"><ele>570.10</ele><time>2019-02-22T14:41:36Z</time></trkpt><trkpt lat="48.8244200" lon="8.7257550"><ele>570.70</ele><time>2019-02-22T14:41:42Z</time></trkpt><trkpt lat="48.8245240" lon="8.7257350"><ele>571.40</ele><time>2019-02-22T14:41:48Z</time></trkpt><trkpt lat="48.8246230" lon="8.7257550"><ele>572.00</ele><time>2019-02-22T14:41:55Z</time></trkpt><trkpt lat="48.8247150" lon="8.7258160"><ele>572.70</ele><time>2019-02-22T14:42:02Z</time></trkpt><trkpt lat="48.8248140" lon="8.7258510"><ele>573.30</ele><time>2019-02-22T14:42:09Z</time></trkpt><trkpt lat="48.8249130" lon="8.7258630"><ele>573.70</ele><time>2019-02-22T14:42:15Z</time></trkpt><trkpt lat="48.8250120" lon="8.7258370"><ele>574.00</ele><time>2019-02-22T14:42:21Z</time></trkpt><trkpt lat="48.8250920" lon="8.7257580"><ele>574.30</ele><time>2019-02-22T14:42:27Z</time></trkpt><trkpt lat="48.8251380" lon="8.7256420"><ele>574.50</ele><time>2019-02-22T14:42:33Z</time></trkpt><trkpt lat="48.8251650" lon="8.7255100"><ele>574.80</ele><time>2019-02-22T14:43:02Z</time></trkpt><trkpt lat="48.8252000" lon="8.7253790"><ele>575.10</ele><time>2019-02-22T14:43:15Z</time></trkpt><trkpt lat="48.8251530" lon="8.7252480"><ele>575.40</ele><time>2019-02-22T14:43:24Z</time></trkpt><trkpt lat="48.8251380" lon="8.7251120"><ele>575.70</ele><time>2019-02-22T14:43:44Z</time></trkpt><trkpt lat="48.8250900" lon="8.7249960"><ele>576.00</ele><time>2019-02-22T14:43:50Z</time></trkpt><trkpt lat="48.8250400" lon="8.7248610"><ele>576.30</ele><time>2019-02-22T14:43:58Z</time></trkpt><trkpt lat="48.8249930" lon="8.7247310"><ele>576.60</ele><time>2019-02-22T14:44:04Z</time></trkpt><trkpt lat="48.8249740" lon="8.7245850"><ele>576.90</ele><time>2019-02-22T14:44:11Z</time></trkpt><trkpt lat="48.8250100" lon="8.7244580"><ele>577.10</ele><time>2019-02-22T14:44:18Z</time></trkpt><trkpt lat="48.8250660" lon="8.7243320"><ele>577.40</ele><time>2019-02-22T14:44:25Z</time></trkpt><trkpt lat="48.8251040" lon="8.7242090"><ele>577.70</ele><time>2019-02-22T14:44:32Z</time></trkpt><trkpt lat="48.8251300" lon="8.7240750"><ele>578.00</ele><time>2019-02-22T14:44:38Z</time></trkpt><trkpt lat="48.8251720" lon="8.7239540"><ele>578.30</ele><time>2019-02-22T14:44:47Z</time></trkpt><trkpt lat="48.8252530" lon="8.7238750"><ele>578.60</ele><time>2019-02-22T14:44:55Z</time></trkpt><trkpt lat="48.8252900" lon="8.7237330"><ele>578.90</ele><time>2019-02-22T14:45:16Z</time></trkpt><trkpt lat="48.8252000" lon="8.7237620"><ele>578.60</ele><time>2019-02-22T15:16:54Z</time></trkpt><trkpt lat="48.8251600" lon="8.7238990"><ele>578.40</ele><time>2019-02-22T15:17:41Z</time></trkpt><trkpt lat="48.8251200" lon="8.7237740"><ele>578.10</ele><time>2019-02-22T15:17:56Z</time></trkpt><trkpt lat="48.8250920" lon="8.7236240"><ele>577.90</ele><time>2019-02-22T15:18:05Z</time></trkpt><trkpt lat="48.8250920" lon="8.7234760"><ele>577.60</ele><time>2019-02-22T15:18:13Z</time></trkpt><trkpt lat="48.8250800" lon="8.7233330"><ele>577.40</ele><time>2019-02-22T15:18:19Z</time></trkpt><trkpt lat="48.8250960" lon="8.7231960"><ele>577.10</ele><time>2019-02-22T15:18:26Z</time></trkpt><trkpt lat="48.8251200" lon="8.7230460"><ele>576.90</ele><time>2019-02-22T15:18:33Z</time></trkpt><trkpt lat="48.8251380" lon="8.7229040"><ele>576.60</ele><time>2019-02-22T15:18:40Z</time></trkpt><trkpt lat="48.8252030" lon="8.7228110"><ele>576.40</ele><time>2019-02-22T15:18:48Z</time></trkpt><trkpt lat="48.8252330" lon="8.7226600"><ele>576.10</ele><time>2019-02-22T15:18:54Z</time></trkpt><trkpt lat="48.8252750" lon="8.7225290"><ele>575.90</ele><time>2019-02-22T15:19:01Z</time></trkpt><trkpt lat="48.8253170" lon="8.7223870"><ele>575.60</ele><time>2019-02-22T15:19:09Z</time></trkpt><trkpt lat="48.8253630" lon="8.7222560"><ele>575.40</ele><time>2019-02-22T15:19:16Z</time></trkpt><trkpt lat="48.8254100" lon="8.7221230"><ele>575.10</ele><time>2019-02-22T15:19:24Z</time></trkpt><trkpt lat="48.8254600" lon="8.7219900"><ele>574.90</ele><time>2019-02-22T15:19:32Z</time></trkpt><trkpt lat="48.8254800" lon="8.7218510"><ele>574.60</ele><time>2019-02-22T15:19:39Z</time></trkpt><trkpt lat="48.8255000" lon="8.7217030"><ele>574.40</ele><time>2019-02-22T15:19:47Z</time></trkpt><trkpt lat="48.8255300" lon="8.7215550"><ele>573.80</ele><time>2019-02-22T15:19:55Z</time></trkpt><trkpt lat="48.8255770" lon="8.7214160"><ele>573.00</ele><time>2019-02-22T15:20:03Z</time></trkpt><trkpt lat="48.8256030" lon="8.7212710"><ele>572.10</ele><time>2019-02-22T15:20:12Z</time></trkpt><trkpt lat="48.8256380" lon="8.7211300"><ele>571.30</ele><time>2019-02-22T15:20:21Z</time></trkpt><trkpt lat="48.8256500" lon="8.7209880"><ele>570.50</ele><time>2019-02-22T15:20:30Z</time></trkpt><trkpt lat="48.8256070" lon="8.7208580"><ele>569.70</ele><time>2019-02-22T15:20:38Z</time></trkpt><trkpt lat="48.8255540" lon="8.7207440"><ele>569.00</ele><time>2019-02-22T15:20:44Z</time></trkpt><trkpt lat="48.8255100" lon="8.7206170"><ele>568.20</ele><time>2019-02-22T15:20:52Z</time></trkpt><trkpt lat="48.8255100" lon="8.7204760"><ele>567.40</ele><time>2019-02-22T15:21:01Z</time></trkpt><trkpt lat="48.8255120" lon="8.7203350"><ele>566.70</ele><time>2019-02-22T15:21:11Z</time></trkpt><trkpt lat="48.8255770" lon="8.7202330"><ele>565.90</ele><time>2019-02-22T15:21:18Z</time></trkpt><trkpt lat="48.8256600" lon="8.7201760"><ele>565.10</ele><time>2019-02-22T15:21:22Z</time></trkpt><trkpt lat="48.8257450" lon="8.7200980"><ele>564.30</ele><time>2019-02-22T15:21:28Z</time></trkpt><trkpt lat="48.8258250" lon="8.7200330"><ele>563.60</ele><time>2019-02-22T15:21:35Z</time></trkpt><trkpt lat="48.8258970" lon="8.7199550"><ele>562.80</ele><time>2019-02-22T15:21:43Z</time></trkpt><trkpt lat="48.8259740" lon="8.7198750"><ele>562.00</ele><time>2019-02-22T15:22:05Z</time></trkpt><trkpt lat="48.8260400" lon="8.7197520"><ele>561.20</ele><time>2019-02-22T15:23:15Z</time></trkpt><trkpt lat="48.8261150" lon="8.7196730"><ele>560.40</ele><time>2019-02-22T15:23:22Z</time></trkpt><trkpt lat="48.8261950" lon="8.7195880"><ele>559.60</ele><time>2019-02-22T15:23:29Z</time></trkpt><trkpt lat="48.8262800" lon="8.7195410"><ele>558.50</ele><time>2019-02-22T15:23:39Z</time></trkpt><trkpt lat="48.8263740" lon="8.7194730"><ele>557.00</ele><time>2019-02-22T15:23:45Z</time></trkpt><trkpt lat="48.8264580" lon="8.7193910"><ele>555.60</ele><time>2019-02-22T15:23:50Z</time></trkpt><trkpt lat="48.8265300" lon="8.7192880"><ele>554.10</ele><time>2019-02-22T15:23:56Z</time></trkpt><trkpt lat="48.8266140" lon="8.7192330"><ele>552.80</ele><time>2019-02-22T15:24:07Z</time></trkpt><trkpt lat="48.8267000" lon="8.7191750"><ele>551.40</ele><time>2019-02-22T15:24:13Z</time></trkpt><trkpt lat="48.8267860" lon="8.7191120"><ele>550.00</ele><time>2019-02-22T15:24:21Z</time></trkpt><trkpt lat="48.8267250" lon="8.7189970"><ele>548.60</ele><time>2019-02-22T15:24:28Z</time></trkpt><trkpt lat="48.8266370" lon="8.7189530"><ele>547.30</ele><time>2019-02-22T15:24:34Z</time></trkpt><trkpt lat="48.8265570" lon="8.7188710"><ele>545.90</ele><time>2019-02-22T15:24:44Z</time></trkpt><trkpt lat="48.8264770" lon="8.7188000"><ele>544.50</ele><time>2019-02-22T15:24:51Z</time></trkpt><trkpt lat="48.8263500" lon="8.7186190"><ele>542.00</ele><time>2019-02-22T15:25:17Z</time></trkpt><trkpt lat="48.8262800" lon="8.7185220"><ele>540.60</ele><time>2019-02-22T15:25:22Z</time></trkpt><trkpt lat="48.8262140" lon="8.7184070"><ele>539.20</ele><time>2019-02-22T15:25:30Z</time></trkpt><trkpt lat="48.8261380" lon="8.7183120"><ele>537.70</ele><time>2019-02-22T15:25:38Z</time></trkpt><trkpt lat="48.8260650" lon="8.7182120"><ele>536.30</ele><time>2019-02-22T15:25:45Z</time></trkpt><trkpt lat="48.8259850" lon="8.7181270"><ele>534.90</ele><time>2019-02-22T15:25:52Z</time></trkpt><trkpt lat="48.8259050" lon="8.7180420"><ele>533.50</ele><time>2019-02-22T15:25:58Z</time></trkpt><trkpt lat="48.8258130" lon="8.7179880"><ele>531.70</ele><time>2019-02-22T15:26:08Z</time></trkpt><trkpt lat="48.8257140" lon="8.7179490"><ele>529.90</ele><time>2019-02-22T15:26:14Z</time></trkpt><trkpt lat="48.8256380" lon="8.7178790"><ele>528.20</ele><time>2019-02-22T15:26:24Z</time></trkpt><trkpt lat="48.8255460" lon="8.7178310"><ele>526.50</ele><time>2019-02-22T15:27:05Z</time></trkpt><trkpt lat="48.8254550" lon="8.7177810"><ele>524.70</ele><time>2019-02-22T15:27:10Z</time></trkpt><trkpt lat="48.8253560" lon="8.7177490"><ele>522.80</ele><time>2019-02-22T15:27:15Z</time></trkpt><trkpt lat="48.8252680" lon="8.7177310"><ele>521.20</ele><time>2019-02-22T15:27:20Z</time></trkpt><trkpt lat="48.8251700" lon="8.7177260"><ele>519.40</ele><time>2019-02-22T15:28:08Z</time></trkpt><trkpt lat="48.8250800" lon="8.7176710"><ele>517.70</ele><time>2019-02-22T15:28:16Z</time></trkpt><trkpt lat="48.8249900" lon="8.7176740"><ele>516.00</ele><time>2019-02-22T15:28:25Z</time></trkpt><trkpt lat="48.8248980" lon="8.7177030"><ele>514.30</ele><time>2019-02-22T15:28:32Z</time></trkpt><trkpt lat="48.8248000" lon="8.7176840"><ele>512.50</ele><time>2019-02-22T15:28:41Z</time></trkpt><trkpt lat="48.8247260" lon="8.7177680"><ele>510.80</ele><time>2019-02-22T15:28:49Z</time></trkpt><trkpt lat="48.8246230" lon="8.7177770"><ele>508.90</ele><time>2019-02-22T15:28:57Z</time></trkpt><trkpt lat="48.8246420" lon="8.7176350"><ele>507.20</ele><time>2019-02-22T15:29:14Z</time></trkpt><trkpt lat="48.8247070" lon="8.7175310"><ele>505.50</ele><time>2019-02-22T15:29:25Z</time></trkpt><trkpt lat="48.8247450" lon="8.7174050"><ele>503.80</ele><time>2019-02-22T15:29:33Z</time></trkpt><trkpt lat="48.8248000" lon="8.7172790"><ele>502.00</ele><time>2019-02-22T15:29:44Z</time></trkpt><trkpt lat="48.8248520" lon="8.7171660"><ele>500.30</ele><time>2019-02-22T15:30:03Z</time></trkpt><trkpt lat="48.8248900" lon="8.7170410"><ele>499.80</ele><time>2019-02-22T15:30:13Z</time></trkpt><trkpt lat="48.8248300" lon="8.7171490"><ele>499.10</ele><time>2019-02-22T15:30:31Z</time></trkpt><trkpt lat="48.8247400" lon="8.7172050"><ele>498.50</ele><time>2019-02-22T15:30:40Z</time></trkpt><trkpt lat="48.8246700" lon="8.7172950"><ele>497.90</ele><time>2019-02-22T15:30:47Z</time></trkpt><trkpt lat="48.8246000" lon="8.7173870"><ele>497.30</ele><time>2019-02-22T15:30:53Z</time></trkpt><trkpt lat="48.8245620" lon="8.7175240"><ele>496.70</ele><time>2019-02-22T15:31:02Z</time></trkpt><trkpt lat="48.8245600" lon="8.7176630"><ele>496.10</ele><time>2019-02-22T15:31:11Z</time></trkpt><trkpt lat="48.8244820" lon="8.7177630"><ele>495.40</ele><time>2019-02-22T15:31:19Z</time></trkpt><trkpt lat="48.8243940" lon="8.7178140"><ele>494.80</ele><time>2019-02-22T15:31:24Z</time></trkpt><trkpt lat="48.8243030" lon="8.7178660"><ele>494.10</ele><time>2019-02-22T15:31:28Z</time></trkpt><trkpt lat="48.8242100" lon="8.7179420"><ele>493.40</ele><time>2019-02-22T15:31:33Z</time></trkpt><trkpt lat="48.8241300" lon="8.7180060"><ele>492.90</ele><time>2019-02-22T15:31:38Z</time></trkpt><trkpt lat="48.8240500" lon="8.7180730"><ele>492.30</ele><time>2019-02-22T15:31:45Z</time></trkpt><trkpt lat="48.8239800" lon="8.7181680"><ele>491.60</ele><time>2019-02-22T15:31:53Z</time></trkpt><trkpt lat="48.8239000" lon="8.7182400"><ele>491.00</ele><time>2019-02-22T15:32:00Z</time></trkpt><trkpt lat="48.8238370" lon="8.7183540"><ele>490.40</ele><time>2019-02-22T15:32:07Z</time></trkpt><trkpt lat="48.8237800" lon="8.7184650"><ele>489.80</ele><time>2019-02-22T15:32:17Z</time></trkpt><trkpt lat="48.8238640" lon="8.7183810"><ele>489.10</ele><time>2019-02-22T15:32:36Z</time></trkpt><trkpt lat="48.8239480" lon="8.7182870"><ele>488.50</ele><time>2019-02-22T15:32:45Z</time></trkpt><trkpt lat="48.8240300" lon="8.7182120"><ele>487.90</ele><time>2019-02-22T15:32:53Z</time></trkpt><trkpt lat="48.8241000" lon="8.7181140"><ele>487.30</ele><time>2019-02-22T15:33:00Z</time></trkpt><trkpt lat="48.8241770" lon="8.7180320"><ele>486.70</ele><time>2019-02-22T15:33:12Z</time></trkpt><trkpt lat="48.8242600" lon="8.7179310"><ele>486.10</ele><time>2019-02-22T15:33:19Z</time></trkpt><trkpt lat="48.8243500" lon="8.7178710"><ele>485.50</ele><time>2019-02-22T15:33:25Z</time></trkpt><trkpt lat="48.8244300" lon="8.7177690"><ele>484.80</ele><time>2019-02-22T15:33:31Z</time></trkpt><trkpt lat="48.8244800" lon="8.7176540"><ele>484.30</ele><time>2019-02-22T15:33:35Z</time></trkpt><trkpt lat="48.8245350" lon="8.7175410"><ele>483.70</ele><time>2019-02-22T15:33:41Z</time></trkpt><trkpt lat="48.8246080" lon="8.7174430"><ele>483.10</ele><time>2019-02-22T15:33:48Z</time></trkpt><trkpt lat="48.8246700" lon="8.7173260"><ele>482.50</ele><time>2019-02-22T15:33:56Z</time></trkpt><trkpt lat="48.8247450" lon="8.7172370"><ele>481.90</ele><time>2019-02-22T15:34:03Z</time></trkpt><trkpt lat="48.8248370" lon="8.7171910"><ele>481.40</ele><time>2019-02-22T15:34:09Z</time></trkpt><trkpt lat="48.8249050" lon="8.7170980"><ele>480.80</ele><time>2019-02-22T15:34:16Z</time></trkpt><trkpt lat="48.8249780" lon="8.7170130"><ele>480.20</ele><time>2019-02-22T15:34:23Z</time></trkpt><trkpt lat="48.8250540" lon="8.7169410"><ele>479.70</ele><time>2019-02-22T15:34:39Z</time></trkpt><trkpt lat="48.8249550" lon="8.7169230"><ele>479.10</ele><time>2019-02-22T15:35:02Z</time></trkpt><trkpt lat="48.8248560" lon="8.7168840"><ele>478.50</ele><time>2019-02-22T15:35:12Z</time></trkpt><trkpt lat="48.8247640" lon="8.7169160"><ele>477.90</ele><time>2019-02-22T15:35:19Z</time></trkpt><trkpt lat="48.8246650" lon="8.7169410"><ele>477.10</ele><time>2019-02-22T15:35:26Z</time></trkpt><trkpt lat="48.8245850" lon="8.7170210"><ele>476.10</ele><time>2019-02-22T15:35:34Z</time></trkpt><trkpt lat="48.8244820" lon="8.7170620"><ele>475.10</ele><time>2019-02-22T15:35:55Z</time></trkpt><trkpt lat="48.8243830" lon="8.7170730"><ele>474.10</ele><time>2019-02-22T15:35:59Z</time></trkpt><trkpt lat="48.8242800" lon="8.7170890"><ele>473.10</ele><time>2019-02-22T15:36:03Z</time></trkpt><trkpt lat="48.8241770" lon="8.7171200"><ele>472.00</ele><time>2019-02-22T15:36:07Z</time></trkpt><trkpt lat="48.8240800" lon="8.7171710"><ele>471.00</ele><time>2019-02-22T15:36:13Z</time></trkpt><trkpt lat="48.8239800" lon="8.7171770"><ele>470.00</ele><time>2019-02-22T15:36:19Z</time></trkpt><trkpt lat="48.8238830" lon="8.7172100"><ele>469.00</ele><time>2019-02-22T15:36:25Z</time></trkpt><trkpt lat="48.8237950" lon="8.7172540"><ele>468.10</ele><time>2019-02-22T15:36:35Z</time></trkpt><trkpt lat="48.8237040" lon="8.7172590"><ele>467.20</ele><time>2019-02-22T15:36:50Z</time></trkpt><trkpt lat="48.8237150" lon="8.7171080"><ele>466.20</ele><time>2019-02-22T15:36:58Z</time></trkpt><trkpt lat="48.8237200" lon="8.7169610"><ele>465.30</ele><time>2019-02-22T15:37:06Z</time></trkpt><trkpt lat="48.8237880" lon="8.7168620"><ele>464.30</ele><time>2019-02-22T15:37:14Z</time></trkpt><trkpt lat="48.8238700" lon="8.7168100"><ele>463.40</ele><time>2019-02-22T15:37:23Z</time></trkpt><trkpt lat="48.8239300" lon="8.7166790"><ele>462.40</ele><time>2019-02-22T15:37:32Z</time></trkpt><trkpt lat="48.8239560" lon="8.7165400"><ele>461.50</ele><time>2019-02-22T15:37:41Z</time></trkpt><trkpt lat="48.8240280" lon="8.7164480"><ele>460.50</ele><time>2019-02-22T15:37:48Z</time></trkpt><trkpt lat="48.8240600" lon="8.7163170"><ele>459.40</ele><time>2019-02-22T15:37:58Z</time></trkpt><trkpt lat="48.8240970" lon="8.7161870"><ele>457.30</ele><time>2019-02-22T15:38:07Z</time></trkpt><trkpt lat="48.8241420" lon="8.7160630"><ele>455.20</ele><time>2019-02-22T15:38:17Z</time></trkpt><trkpt lat="48.8241800" lon="8.7159330"><ele>453.20</ele><time>2019-02-22T15:38:28Z</time></trkpt><trkpt lat="48.8242500" lon="8.7158190"><ele>450.90</ele><time>2019-02-22T15:38:37Z</time></trkpt><trkpt lat="48.8243000" lon="8.7156980"><ele>448.80</ele><time>2019-02-22T15:38:47Z</time></trkpt><trkpt lat="48.8243640" lon="8.7155900"><ele>446.70</ele><time>2019-02-22T15:38:59Z</time></trkpt><trkpt lat="48.8244320" lon="8.7154820"><ele>444.50</ele><time>2019-02-22T15:39:08Z</time></trkpt><trkpt lat="48.8244930" lon="8.7153810"><ele>442.50</ele><time>2019-02-22T15:39:14Z</time></trkpt><trkpt lat="48.8245770" lon="8.7153200"><ele>440.50</ele><time>2019-02-22T15:39:30Z</time></trkpt><trkpt lat="48.8246570" lon="8.7152450"><ele>438.40</ele><time>2019-02-22T15:39:39Z</time></trkpt><trkpt lat="48.8247300" lon="8.7151540"><ele>436.30</ele><time>2019-02-22T15:39:52Z</time></trkpt><trkpt lat="48.8248100" lon="8.7150800"><ele>434.20</ele><time>2019-02-22T15:40:01Z</time></trkpt><trkpt lat="48.8248980" lon="8.7150300"><ele>432.10</ele><time>2019-02-22T15:40:11Z</time></trkpt><trkpt lat="48.8248100" lon="8.7149750"><ele>430.00</ele><time>2019-02-22T15:40:31Z</time></trkpt><trkpt lat="48.8247450" lon="8.7148620"><ele>427.90</ele><time>2019-02-22T15:40:36Z</time></trkpt><trkpt lat="48.8246540" lon="8.7148520"><ele>425.80</ele><time>2019-02-22T15:40:44Z</time></trkpt><trkpt lat="48.8245600" lon="8.7148270"><ele>423.70</ele><time>2019-02-22T15:40:53Z</time></trkpt><trkpt lat="48.8244550" lon="8.7148420"><ele>421.40</ele><time>2019-02-22T15:41:05Z</time></trkpt><trkpt lat="48.8243520" lon="8.7148200"><ele>419.80</ele><time>2019-02-22T15:41:12Z</time></trkpt><trkpt lat="48.8242570" lon="8.7147990"><ele>419.30</ele><time>2019-02-22T15:41:18Z</time></trkpt><trkpt lat="48.8241730" lon="8.7148690"><ele>418.80</ele><time>2019-02-22T15:41:26Z</time></trkpt><trkpt lat="48.8240850" lon="8.7148900"><ele>418.30</ele><time>2019-02-22T15:41:33Z</time></trkpt><trkpt lat="48.8239940" lon="8.7149500"><ele>417.80</ele><time>2019-02-22T15:41:41Z</time></trkpt><trkpt lat="48.8239200" lon="8.7150320"><ele>417.30</ele><time>2019-02-22T15:41:50Z</time></trkpt><trkpt lat="48.8238600" lon="8.7151430"><ele>416.80</ele><time>2019-02-22T15:41:58Z</time></trkpt><trkpt lat="48.8237720" lon="8.7152120"><ele>416.30</ele><time>2019-02-22T15:42:05Z</time></trkpt><trkpt lat="48.8236850" lon="8.7152650"><ele>415.80</ele><time>2019-02-22T15:42:13Z</time></trkpt><trkpt lat="48.8236050" lon="8.7153390"><ele>415.30</ele><time>2019-02-22T15:42:20Z</time></trkpt><trkpt lat="48.8235100" lon="8.7153840"><ele>414.80</ele><time>2019-02-22T15:42:27Z</time></trkpt><trkpt lat="48.8234200" lon="8.7154380"><ele>414.30</ele><time>2019-02-22T15:42:34Z</time></trkpt><trkpt lat="48.8233220" lon="8.7154900"><ele>413.80</ele><time>2019-02-22T15:42:41Z</time></trkpt><trkpt lat="48.8232300" lon="8.7155500"><ele>413.20</ele><time>2019-02-22T15:42:47Z</time></trkpt><trkpt lat="48.8231350" lon="8.7156000"><ele>412.70</ele><time>2019-02-22T15:42:54Z</time></trkpt><trkpt lat="48.8230550" lon="8.7156950"><ele>412.20</ele><time>2019-02-22T15:43:01Z</time></trkpt><trkpt lat="48.8229900" lon="8.7157970"><ele>411.70</ele><time>2019-02-22T15:43:08Z</time></trkpt><trkpt lat="48.8228950" lon="8.7158330"><ele>411.20</ele><time>2019-02-22T15:43:16Z</time></trkpt><trkpt lat="48.8228030" lon="8.7158600"><ele>410.70</ele><time>2019-02-22T15:43:22Z</time></trkpt><trkpt lat="48.8227230" lon="8.7159390"><ele>410.50</ele><time>2019-02-22T15:43:29Z</time></trkpt><trkpt lat="48.8226360" lon="8.7159860"><ele>410.40</ele><time>2019-02-22T15:43:47Z</time></trkpt><trkpt lat="48.8225600" lon="8.7160580"><ele>410.30</ele><time>2019-02-22T15:44:01Z</time></trkpt><trkpt lat="48.8226500" lon="8.7160090"><ele>410.10</ele><time>2019-02-22T15:44:33Z</time></trkpt><trkpt lat="48.8227300" lon="8.7159410"><ele>410.00</ele><time>2019-02-22T15:44:41Z</time></trkpt><trkpt lat="48.8228230" lon="8.7158750"><ele>409.90</ele><time>2019-02-22T15:44:50Z</time></trkpt><trkpt lat="48.8229180" lon="8.7158320"><ele>409.80</ele><time>2019-02-22T15:44:56Z</time></trkpt><trkpt lat="48.8230060" lon="8.7157500"><ele>409.60</ele><time>2019-02-22T15:45:03Z</time></trkpt><trkpt lat="48.8230930" lon="8.7157250"><ele>409.50</ele><time>2019-02-22T15:45:08Z</time></trkpt><trkpt lat="48.8231700" lon="8.7156430"><ele>409.40</ele><time>2019-02-22T15:45:16Z</time></trkpt><trkpt lat="48.8232420" lon="8.7155570"><ele>409.30</ele><time>2019-02-22T15:45:22Z</time></trkpt><trkpt lat="48.8232770" lon="8.7154290"><ele>409.20</ele><time>2019-02-22T15:45:35Z</time></trkpt><trkpt lat="48.8233680" lon="8.7153660"><ele>409.00</ele><time>2019-02-22T15:45:49Z</time></trkpt><trkpt lat="48.8234520" lon="8.7153030"><ele>408.90</ele><time>2019-02-22T15:45:55Z</time></trkpt><trkpt lat="48.8235470" lon="8.7152470"><ele>408.80</ele><time>2019-02-22T15:46:03Z</time></trkpt><trkpt lat="48.8234560" lon="8.7152580"><ele>408.70</ele><time>2019-02-22T15:46:15Z</time></trkpt><trkpt lat="48.8233600" lon="8.7152740"><ele>408.60</ele><time>2019-02-22T15:46:27Z</time></trkpt><trkpt lat="48.8232650" lon="8.7152640"><ele>408.40</ele><time>2019-02-22T15:46:34Z</time></trkpt><trkpt lat="48.8231740" lon="8.7152440"><ele>408.30</ele><time>2019-02-22T15:46:43Z</time></trkpt><trkpt lat="48.8230800" lon="8.7152380"><ele>407.10</ele><time>2019-02-22T15:46:50Z</time></trkpt><trkpt lat="48.8229870" lon="8.7152640"><ele>405.80</ele><time>2019-02-22T15:46:59Z</time></trkpt><trkpt lat="48.8228900" lon="8.7152630"><ele>404.40</ele><time>2019-02-22T15:47:06Z</time></trkpt><trkpt lat="48.8227900" lon="8.7152740"><ele>403.00</ele><time>2019-02-22T15:47:14Z</time></trkpt><trkpt lat="48.8227100" lon="8.7153400"><ele>401.80</ele><time>2019-02-22T15:47:21Z</time></trkpt><trkpt lat="48.8226200" lon="8.7153740"><ele>400.50</ele><time>2019-02-22T15:47:31Z</time></trkpt><trkpt lat="48.8225330" lon="8.7154260"><ele>399.10</ele><time>2019-02-22T15:47:40Z</time></trkpt><trkpt lat="48.8224370" lon="8.7154700"><ele>397.70</ele><time>2019-02-22T15:47:48Z</time></trkpt><trkpt lat="48.8223420" lon="8.7155140"><ele>396.40</ele><time>2019-02-22T15:47:56Z</time></trkpt><trkpt lat="48.8222600" lon="8.7155920"><ele>395.00</ele><time>2019-02-22T15:48:07Z</time></trkpt><trkpt lat="48.8221740" lon="8.7156470"><ele>393.70</ele><time>2019-02-22T15:48:15Z</time></trkpt><trkpt lat="48.8220830" lon="8.7156760"><ele>392.40</ele><time>2019-02-22T15:48:22Z</time></trkpt><trkpt lat="48.8219900" lon="8.7157380"><ele>391.00</ele><time>2019-02-22T15:48:33Z</time></trkpt><trkpt lat="48.8219200" lon="8.7158360"><ele>389.60</ele><time>2019-02-22T15:48:43Z</time></trkpt><trkpt lat="48.8218420" lon="8.7159220"><ele>388.30</ele><time>2019-02-22T15:48:52Z</time></trkpt><trkpt lat="48.8217600" lon="8.7159970"><ele>386.90</ele><time>2019-02-22T15:49:03Z</time></trkpt><trkpt lat="48.8216700" lon="8.7160510"><ele>385.60</ele><time>2019-02-22T15:49:13Z</time></trkpt><trkpt lat="48.8215870" lon="8.7161260"><ele>384.20</ele><time>2019-02-22T15:49:21Z</time></trkpt><trkpt lat="48.8215180" lon="8.7162100"><ele>383.10</ele><time>2019-02-22T15:49:30Z</time></trkpt><trkpt lat="48.8214200" lon="8.7162530"><ele>383.50</ele><time>2019-02-22T15:49:38Z</time></trkpt><trkpt lat="48.8213350" lon="8.7163060"><ele>383.70</ele><time>2019-02-22T15:49:58Z</time></trkpt><trkpt lat="48.8212740" lon="8.7164290"><ele>384.00</ele><time>2019-02-22T15:50:06Z</time></trkpt><trkpt lat="48.8212000" lon="8.7165180"><ele>384.30</ele><time>2019-02-22T15:50:15Z</time></trkpt><trkpt lat="48.8211100" lon="8.7165720"><ele>384.60</ele><time>2019-02-22T15:50:23Z</time></trkpt><trkpt lat="48.8210220" lon="8.7165970"><ele>384.90</ele><time>2019-02-22T15:50:32Z</time></trkpt><trkpt lat="48.8209270" lon="8.7166280"><ele>385.20</ele><time>2019-02-22T15:50:42Z</time></trkpt><trkpt lat="48.8208430" lon="8.7167210"><ele>385.50</ele><time>2019-02-22T15:50:51Z</time></trkpt><trkpt lat="48.8207630" lon="8.7167880"><ele>385.80</ele><time>2019-02-22T15:50:59Z</time></trkpt><trkpt lat="48.8206980" lon="8.7168850"><ele>386.10</ele><time>2019-02-22T15:51:09Z</time></trkpt><trkpt lat="48.8206440" lon="8.7170000"><ele>386.30</ele><time>2019-02-22T15:51:18Z</time></trkpt><trkpt lat="48.8205600" lon="8.7170610"><ele>386.60</ele><time>2019-02-22T15:51:38Z</time></trkpt><trkpt lat="48.8205030" lon="8.7171750"><ele>386.90</ele><time>2019-02-22T15:51:46Z</time></trkpt><trkpt lat="48.8204270" lon="8.7172500"><ele>387.20</ele><time>2019-02-22T15:51:53Z</time></trkpt><trkpt lat="48.8203740" lon="8.7173670"><ele>387.50</ele><time>2019-02-22T15:52:00Z</time></trkpt><trkpt lat="48.8203200" lon="8.7174840"><ele>387.70</ele><time>2019-02-22T15:52:08Z</time></trkpt><trkpt lat="48.8202320" lon="8.7175480"><ele>388.00</ele><time>2019-02-22T15:52:15Z</time></trkpt><trkpt lat="48.8201560" lon="8.7176290"><ele>388.30</ele><time>2019-02-22T15:52:22Z</time></trkpt><trkpt lat="48.8200700" lon="8.7176810"><ele>388.70</ele><time>2019-02-22T15:52:29Z</time></trkpt><trkpt lat="48.8200260" lon="8.7178110"><ele>390.20</ele><time>2019-02-22T15:52:36Z</time></trkpt><trkpt lat="48.8199700" lon="8.7179180"><ele>391.60</ele><time>2019-02-22T15:52:44Z</time></trkpt><trkpt lat="48.8199100" lon="8.7180180"><ele>392.90</ele><time>2019-02-22T15:52:53Z</time></trkpt><trkpt lat="48.8198430" lon="8.7181250"><ele>394.40</ele><time>2019-02-22T15:53:01Z</time></trkpt><trkpt lat="48.8197480" lon="8.7181680"><ele>395.90</ele><time>2019-02-22T15:53:08Z</time></trkpt><trkpt lat="48.8196680" lon="8.7182480"><ele>397.40</ele><time>2019-02-22T15:53:16Z</time></trkpt><trkpt lat="48.8196030" lon="8.7183600"><ele>398.90</ele><time>2019-02-22T15:53:26Z</time></trkpt><trkpt lat="48.8195400" lon="8.7184640"><ele>400.30</ele><time>2019-02-22T15:53:34Z</time></trkpt><trkpt lat="48.8194470" lon="8.7185230"><ele>401.80</ele><time>2019-02-22T15:53:42Z</time></trkpt><trkpt lat="48.8193970" lon="8.7186370"><ele>403.20</ele><time>2019-02-22T15:53:49Z</time></trkpt><trkpt lat="48.8193470" lon="8.7187590"><ele>404.60</ele><time>2019-02-22T15:53:57Z</time></trkpt><trkpt lat="48.8192700" lon="8.7188520"><ele>406.10</ele><time>2019-02-22T15:54:06Z</time></trkpt><trkpt lat="48.8191800" lon="8.7188940"><ele>407.60</ele><time>2019-02-22T15:54:12Z</time></trkpt><trkpt lat="48.8190960" lon="8.7189330"><ele>408.90</ele><time>2019-02-22T15:54:19Z</time></trkpt><trkpt lat="48.8190350" lon="8.7190400"><ele>410.30</ele><time>2019-02-22T15:54:27Z</time></trkpt><trkpt lat="48.8189620" lon="8.7191310"><ele>411.80</ele><time>2019-02-22T15:54:36Z</time></trkpt><trkpt lat="48.8188700" lon="8.7191860"><ele>413.30</ele><time>2019-02-22T15:54:47Z</time></trkpt><trkpt lat="48.8188000" lon="8.7192970"><ele>414.80</ele><time>2019-02-22T15:54:56Z</time></trkpt><trkpt lat="48.8187500" lon="8.7194220"><ele>416.20</ele><time>2019-02-22T15:55:06Z</time></trkpt><trkpt lat="48.8187000" lon="8.7195570"><ele>417.20</ele><time>2019-02-22T15:55:14Z</time></trkpt><trkpt lat="48.8186300" lon="8.7196510"><ele>418.20</ele><time>2019-02-22T15:55:24Z</time></trkpt><trkpt lat="48.8185650" lon="8.7197590"><ele>419.20</ele><time>2019-02-22T15:55:32Z</time></trkpt><trkpt lat="48.8184900" lon="8.7198390"><ele>420.20</ele><time>2019-02-22T15:55:41Z</time></trkpt><trkpt lat="48.8184240" lon="8.7199550"><ele>421.30</ele><time>2019-02-22T15:55:49Z</time></trkpt><trkpt lat="48.8183440" lon="8.7200370"><ele>422.30</ele><time>2019-02-22T15:55:57Z</time></trkpt><trkpt lat="48.8182600" lon="8.7201170"><ele>423.30</ele><time>2019-02-22T15:56:06Z</time></trkpt><trkpt lat="48.8181650" lon="8.7201760"><ele>424.40</ele><time>2019-02-22T15:56:15Z</time></trkpt><trkpt lat="48.8181040" lon="8.7202730"><ele>425.40</ele><time>2019-02-22T15:56:24Z</time></trkpt><trkpt lat="48.8180120" lon="8.7203430"><ele>426.40</ele><time>2019-02-22T15:56:31Z</time></trkpt><trkpt lat="48.8179200" lon="8.7203920"><ele>427.50</ele><time>2019-02-22T15:56:39Z</time></trkpt><trkpt lat="48.8178500" lon="8.7204850"><ele>428.50</ele><time>2019-02-22T15:56:48Z</time></trkpt><trkpt lat="48.8177870" lon="8.7205930"><ele>429.50</ele><time>2019-02-22T15:57:07Z</time></trkpt><trkpt lat="48.8177100" lon="8.7206770"><ele>430.50</ele><time>2019-02-22T15:57:16Z</time></trkpt><trkpt lat="48.8176400" lon="8.7207780"><ele>431.50</ele><time>2019-02-22T15:57:23Z</time></trkpt><trkpt lat="48.8175700" lon="8.7208710"><ele>432.50</ele><time>2019-02-22T15:57:30Z</time></trkpt><trkpt lat="48.8174860" lon="8.7209330"><ele>433.40</ele><time>2019-02-22T15:57:38Z</time></trkpt><trkpt lat="48.8174000" lon="8.7210130"><ele>434.50</ele><time>2019-02-22T15:57:46Z</time></trkpt><trkpt lat="48.8173180" lon="8.7210830"><ele>435.40</ele><time>2019-02-22T15:57:54Z</time></trkpt><trkpt lat="48.8172570" lon="8.7211900"><ele>436.20</ele><time>2019-02-22T15:58:03Z</time></trkpt><trkpt lat="48.8171650" lon="8.7212230"><ele>437.10</ele><time>2019-02-22T15:58:12Z</time></trkpt><trkpt lat="48.8170900" lon="8.7213300"><ele>438.00</ele><time>2019-02-22T15:58:30Z</time></trkpt><trkpt lat="48.8169900" lon="8.7213710"><ele>438.90</ele><time>2019-02-22T15:58:37Z</time></trkpt><trkpt lat="48.8169140" lon="8.7214480"><ele>439.80</ele><time>2019-02-22T15:58:45Z</time></trkpt><trkpt lat="48.8168400" lon="8.7215490"><ele>440.60</ele><time>2019-02-22T15:58:54Z</time></trkpt><trkpt lat="48.8167760" lon="8.7216520"><ele>441.50</ele><time>2019-02-22T15:59:04Z</time></trkpt><trkpt lat="48.8166850" lon="8.7216950"><ele>442.30</ele><time>2019-02-22T15:59:12Z</time></trkpt><trkpt lat="48.8165860" lon="8.7217080"><ele>443.20</ele><time>2019-02-22T15:59:20Z</time></trkpt><trkpt lat="48.8164900" lon="8.7217510"><ele>444.10</ele><time>2019-02-22T15:59:28Z</time></trkpt><trkpt lat="48.8163900" lon="8.7217650"><ele>445.00</ele><time>2019-02-22T15:59:43Z</time></trkpt><trkpt lat="48.8162900" lon="8.7217830"><ele>445.90</ele><time>2019-02-22T15:59:51Z</time></trkpt><trkpt lat="48.8161960" lon="8.7217890"><ele>446.80</ele><time>2019-02-22T15:59:58Z</time></trkpt><trkpt lat="48.8161100" lon="8.7218370"><ele>447.60</ele><time>2019-02-22T16:00:06Z</time></trkpt><trkpt lat="48.8160250" lon="8.7218770"><ele>448.40</ele><time>2019-02-22T16:00:14Z</time></trkpt><trkpt lat="48.8159370" lon="8.7219260"><ele>449.20</ele><time>2019-02-22T16:00:21Z</time></trkpt><trkpt lat="48.8158600" lon="8.7220260"><ele>450.10</ele><time>2019-02-22T16:00:28Z</time></trkpt><trkpt lat="48.8157730" lon="8.7221010"><ele>451.00</ele><time>2019-02-22T16:00:35Z</time></trkpt><trkpt lat="48.8157120" lon="8.7222020"><ele>451.40</ele><time>2019-02-22T16:00:43Z</time></trkpt><trkpt lat="48.8156900" lon="8.7223430"><ele>451.70</ele><time>2019-02-22T16:01:10Z</time></trkpt><trkpt lat="48.8156400" lon="8.7224690"><ele>452.10</ele><time>2019-02-22T16:01:18Z</time></trkpt><trkpt lat="48.8155900" lon="8.7225920"><ele>452.40</ele><time>2019-02-22T16:01:27Z</time></trkpt><trkpt lat="48.8155330" lon="8.7227740"><ele>452.90</ele><time>2019-02-22T16:01:38Z</time></trkpt><trkpt lat="48.8154900" lon="8.7228980"><ele>453.30</ele><time>2019-02-22T16:01:46Z</time></trkpt><trkpt lat="48.8154530" lon="8.7230350"><ele>453.60</ele><time>2019-02-22T16:01:55Z</time></trkpt><trkpt lat="48.8153950" lon="8.7231550"><ele>454.00</ele><time>2019-02-22T16:02:08Z</time></trkpt><trkpt lat="48.8153600" lon="8.7232880"><ele>454.40</ele><time>2019-02-22T16:02:16Z</time></trkpt><trkpt lat="48.8153400" lon="8.7234210"><ele>454.70</ele><time>2019-02-22T16:02:24Z</time></trkpt><trkpt lat="48.8152920" lon="8.7235530"><ele>455.10</ele><time>2019-02-22T16:02:32Z</time></trkpt><trkpt lat="48.8152300" lon="8.7236550"><ele>455.40</ele><time>2019-02-22T16:02:39Z</time></trkpt><trkpt lat="48.8151500" lon="8.7237230"><ele>455.70</ele><time>2019-02-22T16:02:47Z</time></trkpt><trkpt lat="48.8151440" lon="8.7238650"><ele>456.10</ele><time>2019-02-22T16:02:54Z</time></trkpt><trkpt lat="48.8151000" lon="8.7239870"><ele>456.40</ele><time>2019-02-22T16:03:01Z</time></trkpt><trkpt lat="48.8150750" lon="8.7241180"><ele>456.80</ele><time>2019-02-22T16:03:08Z</time></trkpt><trkpt lat="48.8150060" lon="8.7242160"><ele>457.10</ele><time>2019-02-22T16:03:14Z</time></trkpt><trkpt lat="48.8149380" lon="8.7243320"><ele>457.50</ele><time>2019-02-22T16:03:21Z</time></trkpt><trkpt lat="48.8148770" lon="8.7244530"><ele>457.70</ele><time>2019-02-22T16:03:27Z</time></trkpt><trkpt lat="48.8148160" lon="8.7245630"><ele>457.80</ele><time>2019-02-22T16:03:34Z</time></trkpt><trkpt lat="48.8147600" lon="8.7246800"><ele>457.80</ele><time>2019-02-22T16:03:41Z</time></trkpt><trkpt lat="48.8146930" lon="8.7247870"><ele>457.80</ele><time>2019-02-22T16:03:48Z</time></trkpt><trkpt lat="48.8146250" lon="8.7248960"><ele>457.90</ele><time>2019-02-22T16:03:56Z</time></trkpt><trkpt lat="48.8145520" lon="8.7250010"><ele>457.90</ele><time>2019-02-22T16:04:03Z</time></trkpt><trkpt lat="48.8144900" lon="8.7251090"><ele>457.90</ele><time>2019-02-22T16:04:10Z</time></trkpt><trkpt lat="48.8144450" lon="8.7252380"><ele>457.90</ele><time>2019-02-22T16:04:17Z</time></trkpt><trkpt lat="48.8143960" lon="8.7253610"><ele>458.00</ele><time>2019-02-22T16:04:25Z</time></trkpt><trkpt lat="48.8143540" lon="8.7254970"><ele>458.00</ele><time>2019-02-22T16:04:32Z</time></trkpt><trkpt lat="48.8142970" lon="8.7256370"><ele>458.00</ele><time>2019-02-22T16:04:39Z</time></trkpt><trkpt lat="48.8142430" lon="8.7257510"><ele>458.10</ele><time>2019-02-22T16:04:44Z</time></trkpt><trkpt lat="48.8142050" lon="8.7258950"><ele>458.10</ele><time>2019-02-22T16:04:52Z</time></trkpt><trkpt lat="48.8141670" lon="8.7260370"><ele>458.10</ele><time>2019-02-22T16:05:01Z</time></trkpt><trkpt lat="48.8141400" lon="8.7261780"><ele>458.10</ele><time>2019-02-22T16:05:09Z</time></trkpt><trkpt lat="48.8140950" lon="8.7263190"><ele>458.20</ele><time>2019-02-22T16:05:17Z</time></trkpt><trkpt lat="48.8140560" lon="8.7264540"><ele>458.20</ele><time>2019-02-22T16:05:25Z</time></trkpt><trkpt lat="48.8140300" lon="8.7265960"><ele>458.20</ele><time>2019-02-22T16:05:32Z</time></trkpt><trkpt lat="48.8140530" lon="8.7267400"><ele>458.30</ele><time>2019-02-22T16:05:39Z</time></trkpt><trkpt lat="48.8140640" lon="8.7268780"><ele>458.40</ele><time>2019-02-22T16:05:46Z</time></trkpt><trkpt lat="48.8141000" lon="8.7270170"><ele>458.40</ele><time>2019-02-22T16:06:04Z</time></trkpt><trkpt lat="48.8141250" lon="8.7271700"><ele>458.50</ele><time>2019-02-22T16:06:13Z</time></trkpt><trkpt lat="48.8141860" lon="8.7272840"><ele>458.60</ele><time>2019-02-22T16:06:21Z</time></trkpt><trkpt lat="48.8141860" lon="8.7274280"><ele>458.70</ele><time>2019-02-22T16:06:30Z</time></trkpt><trkpt lat="48.8141330" lon="8.7275450"><ele>458.80</ele><time>2019-02-22T16:06:59Z</time></trkpt><trkpt lat="48.8141100" lon="8.7276770"><ele>458.90</ele><time>2019-02-22T16:07:15Z</time></trkpt><trkpt lat="48.8140340" lon="8.7277850"><ele>459.00</ele><time>2019-02-22T16:07:44Z</time></trkpt><trkpt lat="48.8139400" lon="8.7278230"><ele>459.10</ele><time>2019-02-22T16:07:50Z</time></trkpt><trkpt lat="48.8138470" lon="8.7278820"><ele>459.20</ele><time>2019-02-22T16:07:59Z</time></trkpt><trkpt lat="48.8137550" lon="8.7279450"><ele>459.30</ele><time>2019-02-22T16:08:09Z</time></trkpt><trkpt lat="48.8136750" lon="8.7280220"><ele>459.40</ele><time>2019-02-22T16:08:15Z</time></trkpt><trkpt lat="48.8136140" lon="8.7281370"><ele>459.50</ele><time>2019-02-22T16:08:23Z</time></trkpt><trkpt lat="48.8135150" lon="8.7281880"><ele>459.60</ele><time>2019-02-22T16:08:30Z</time></trkpt><trkpt lat="48.8134200" lon="8.7282290"><ele>459.60</ele><time>2019-02-22T16:08:37Z</time></trkpt><trkpt lat="48.8133200" lon="8.7282750"><ele>459.70</ele><time>2019-02-22T16:08:44Z</time></trkpt><trkpt lat="48.8132060" lon="8.7282720"><ele>459.90</ele><time>2019-02-22T16:08:51Z</time></trkpt><trkpt lat="48.8131070" lon="8.7282700"><ele>459.90</ele><time>2019-02-22T16:08:58Z</time></trkpt><trkpt lat="48.8130100" lon="8.7282700"><ele>460.10</ele><time>2019-02-22T16:09:05Z</time></trkpt><trkpt lat="48.8129160" lon="8.7282770"><ele>460.20</ele><time>2019-02-22T16:09:14Z</time></trkpt><trkpt lat="48.8128200" lon="8.7282460"><ele>460.30</ele><time>2019-02-22T16:09:23Z</time></trkpt><trkpt lat="48.8127330" lon="8.7282010"><ele>460.40</ele><time>2019-02-22T16:09:29Z</time></trkpt><trkpt lat="48.8126400" lon="8.7281750"><ele>460.50</ele><time>2019-02-22T16:09:36Z</time></trkpt><trkpt lat="48.8125400" lon="8.7281600"><ele>460.60</ele><time>2019-02-22T16:09:43Z</time></trkpt><trkpt lat="48.8124470" lon="8.7281390"><ele>460.70</ele><time>2019-02-22T16:09:50Z</time></trkpt><trkpt lat="48.8123500" lon="8.7280810"><ele>460.80</ele><time>2019-02-22T16:09:56Z</time></trkpt><trkpt lat="48.8122500" lon="8.7280740"><ele>460.90</ele><time>2019-02-22T16:10:03Z</time></trkpt><trkpt lat="48.8121500" lon="8.7280560"><ele>461.00</ele><time>2019-02-22T16:10:10Z</time></trkpt><trkpt lat="48.8120650" lon="8.7279810"><ele>461.20</ele><time>2019-02-22T16:10:17Z</time></trkpt><trkpt lat="48.8119700" lon="8.7279190"><ele>461.30</ele><time>2019-02-22T16:10:23Z</time></trkpt><trkpt lat="48.8118740" lon="8.7279290"><ele>461.40</ele><time>2019-02-22T16:10:30Z</time></trkpt><trkpt lat="48.8117800" lon="8.7279300"><ele>461.50</ele><time>2019-02-22T16:10:38Z</time></trkpt><trkpt lat="48.8116800" lon="8.7278910"><ele>461.60</ele><time>2019-02-22T16:10:46Z</time></trkpt><trkpt lat="48.8115900" lon="8.7278620"><ele>461.70</ele><time>2019-02-22T16:10:53Z</time></trkpt><trkpt lat="48.8114900" lon="8.7278470"><ele>461.80</ele><time>2019-02-22T16:11:00Z</time></trkpt><trkpt lat="48.8113900" lon="8.7278550"><ele>461.90</ele><time>2019-02-22T16:11:08Z</time></trkpt><trkpt lat="48.8112950" lon="8.7278500"><ele>462.30</ele><time>2019-02-22T16:11:17Z</time></trkpt><trkpt lat="48.8112070" lon="8.7278040"><ele>462.90</ele><time>2019-02-22T16:11:24Z</time></trkpt><trkpt lat="48.8111150" lon="8.7277960"><ele>463.50</ele><time>2019-02-22T16:11:31Z</time></trkpt><trkpt lat="48.8110200" lon="8.7277950"><ele>464.10</ele><time>2019-02-22T16:11:37Z</time></trkpt><trkpt lat="48.8109170" lon="8.7277930"><ele>464.80</ele><time>2019-02-22T16:11:44Z</time></trkpt><trkpt lat="48.8108200" lon="8.7277480"><ele>465.40</ele><time>2019-02-22T16:11:51Z</time></trkpt><trkpt lat="48.8107200" lon="8.7277050"><ele>466.10</ele><time>2019-02-22T16:11:58Z</time></trkpt><trkpt lat="48.8106160" lon="8.7276950"><ele>466.70</ele><time>2019-02-22T16:12:05Z</time></trkpt><trkpt lat="48.8105280" lon="8.7276540"><ele>467.30</ele><time>2019-02-22T16:12:12Z</time></trkpt><trkpt lat="48.8104360" lon="8.7276780"><ele>467.90</ele><time>2019-02-22T16:12:21Z</time></trkpt><trkpt lat="48.8103400" lon="8.7276600"><ele>468.50</ele><time>2019-02-22T16:12:28Z</time></trkpt><trkpt lat="48.8102460" lon="8.7276850"><ele>469.20</ele><time>2019-02-22T16:12:36Z</time></trkpt><trkpt lat="48.8101430" lon="8.7276540"><ele>469.80</ele><time>2019-02-22T16:12:55Z</time></trkpt><trkpt lat="48.8100400" lon="8.7276660"><ele>470.50</ele><time>2019-02-22T16:13:02Z</time></trkpt><trkpt lat="48.8099400" lon="8.7276780"><ele>471.10</ele><time>2019-02-22T16:13:08Z</time></trkpt><trkpt lat="48.8098400" lon="8.7276790"><ele>471.80</ele><time>2019-02-22T16:13:15Z</time></trkpt><trkpt lat="48.8097500" lon="8.7276980"><ele>472.40</ele><time>2019-02-22T16:13:21Z</time></trkpt><trkpt lat="48.8096540" lon="8.7276980"><ele>473.00</ele><time>2019-02-22T16:13:31Z</time></trkpt><trkpt lat="48.8095550" lon="8.7276720"><ele>473.40</ele><time>2019-02-22T16:13:40Z</time></trkpt><trkpt lat="48.8094670" lon="8.7276000"><ele>472.90</ele><time>2019-02-22T16:13:47Z</time></trkpt><trkpt lat="48.8093950" lon="8.7275220"><ele>472.40</ele><time>2019-02-22T16:13:57Z</time></trkpt><trkpt lat="48.8093000" lon="8.7274820"><ele>471.90</ele><time>2019-02-22T16:14:06Z</time></trkpt><trkpt lat="48.8092040" lon="8.7274110"><ele>471.30</ele><time>2019-02-22T16:14:13Z</time></trkpt><trkpt lat="48.8091300" lon="8.7273090"><ele>470.80</ele><time>2019-02-22T16:14:22Z</time></trkpt><trkpt lat="48.8090800" lon="8.7271920"><ele>470.30</ele><time>2019-02-22T16:14:28Z</time></trkpt><trkpt lat="48.8090020" lon="8.7271160"><ele>469.80</ele><time>2019-02-22T16:14:35Z</time></trkpt><trkpt lat="48.8089560" lon="8.7269850"><ele>469.30</ele><time>2019-02-22T16:14:42Z</time></trkpt><trkpt lat="48.8088800" lon="8.7268990"><ele>468.80</ele><time>2019-02-22T16:15:12Z</time></trkpt><trkpt lat="48.8088070" lon="8.7268080"><ele>468.30</ele><time>2019-02-22T16:15:24Z</time></trkpt><trkpt lat="48.8087400" lon="8.7266980"><ele>467.80</ele><time>2019-02-22T16:15:35Z</time></trkpt><trkpt lat="48.8086700" lon="8.7266050"><ele>467.30</ele><time>2019-02-22T16:15:46Z</time></trkpt><trkpt lat="48.8086240" lon="8.7264790"><ele>466.80</ele><time>2019-02-22T16:16:01Z</time></trkpt><trkpt lat="48.8085480" lon="8.7264030"><ele>466.30</ele><time>2019-02-22T16:16:12Z</time></trkpt><trkpt lat="48.8084800" lon="8.7262960"><ele>465.80</ele><time>2019-02-22T16:16:25Z</time></trkpt><trkpt lat="48.8084140" lon="8.7261990"><ele>465.30</ele><time>2019-02-22T16:16:37Z</time></trkpt><trkpt lat="48.8083340" lon="8.7261290"><ele>464.80</ele><time>2019-02-22T16:16:59Z</time></trkpt><trkpt lat="48.8082600" lon="8.7260300"><ele>464.30</ele><time>2019-02-22T16:17:21Z</time></trkpt><trkpt lat="48.8081800" lon="8.7259500"><ele>463.50</ele><time>2019-02-22T16:17:32Z</time></trkpt><trkpt lat="48.8081130" lon="8.7258550"><ele>462.20</ele><time>2019-02-22T16:17:47Z</time></trkpt><trkpt lat="48.8080330" lon="8.7257910"><ele>461.00</ele><time>2019-02-22T16:17:56Z</time></trkpt><trkpt lat="48.8079500" lon="8.7257270"><ele>459.80</ele><time>2019-02-22T16:18:17Z</time></trkpt><trkpt lat="48.8078700" lon="8.7256630"><ele>458.60</ele><time>2019-02-22T16:18:29Z</time></trkpt><trkpt lat="48.8077900" lon="8.7255750"><ele>457.30</ele><time>2019-02-22T16:18:54Z</time></trkpt><trkpt lat="48.8076970" lon="8.7255430"><ele>456.00</ele><time>2019-02-22T16:19:03Z</time></trkpt><trkpt lat="48.8076060" lon="8.7255040"><ele>454.80</ele><time>2019-02-22T16:19:14Z</time></trkpt><trkpt lat="48.8075140" lon="8.7254700"><ele>453.50</ele><time>2019-02-22T16:19:23Z</time></trkpt><trkpt lat="48.8074230" lon="8.7254390"><ele>452.30</ele><time>2019-02-22T16:19:32Z</time></trkpt><trkpt lat="48.8073400" lon="8.7253690"><ele>451.00</ele><time>2019-02-22T16:19:39Z</time></trkpt><trkpt lat="48.8072600" lon="8.7252880"><ele>449.80</ele><time>2019-02-22T16:19:45Z</time></trkpt><trkpt lat="48.8071700" lon="8.7252440"><ele>448.50</ele><time>2019-02-22T16:19:54Z</time></trkpt><trkpt lat="48.8070760" lon="8.7251570"><ele>447.10</ele><time>2019-02-22T16:19:57Z</time></trkpt><trkpt lat="48.8069730" lon="8.7251550"><ele>445.70</ele><time>2019-02-22T16:20:03Z</time></trkpt><trkpt lat="48.8069080" lon="8.7250380"><ele>444.40</ele><time>2019-02-22T16:20:07Z</time></trkpt><trkpt lat="48.8068280" lon="8.7249300"><ele>442.90</ele><time>2019-02-22T16:20:13Z</time></trkpt><trkpt lat="48.8067300" lon="8.7249870"><ele>441.60</ele><time>2019-02-22T16:20:21Z</time></trkpt><trkpt lat="48.8066300" lon="8.7249790"><ele>440.20</ele><time>2019-02-22T16:20:36Z</time></trkpt><trkpt lat="48.8065220" lon="8.7249740"><ele>439.20</ele><time>2019-02-22T16:20:39Z</time></trkpt><trkpt lat="48.8064600" lon="8.7248470"><ele>438.30</ele><time>2019-02-22T16:20:42Z</time></trkpt><trkpt lat="48.8063850" lon="8.7247630"><ele>437.50</ele><time>2019-02-22T16:20:51Z</time></trkpt><trkpt lat="48.8063280" lon="8.7246270"><ele>436.50</ele><time>2019-02-22T16:20:54Z</time></trkpt><trkpt lat="48.8062320" lon="8.7245860"><ele>435.70</ele><time>2019-02-22T16:21:02Z</time></trkpt><trkpt lat="48.8061700" lon="8.7244840"><ele>434.80</ele><time>2019-02-22T16:21:09Z</time></trkpt><trkpt lat="48.8060870" lon="8.7244430"><ele>434.10</ele><time>2019-02-22T16:21:20Z</time></trkpt><trkpt lat="48.8059920" lon="8.7244150"><ele>433.20</ele><time>2019-02-22T16:21:28Z</time></trkpt><trkpt lat="48.8059000" lon="8.7243810"><ele>432.40</ele><time>2019-02-22T16:21:40Z</time></trkpt><trkpt lat="48.8058130" lon="8.7243180"><ele>431.50</ele><time>2019-02-22T16:21:50Z</time></trkpt><trkpt lat="48.8057140" lon="8.7243190"><ele>430.60</ele><time>2019-02-22T16:21:58Z</time></trkpt><trkpt lat="48.8056220" lon="8.7243120"><ele>429.80</ele><time>2019-02-22T16:22:05Z</time></trkpt><trkpt lat="48.8055300" lon="8.7242710"><ele>428.90</ele><time>2019-02-22T16:22:16Z</time></trkpt><trkpt lat="48.8054400" lon="8.7242760"><ele>428.10</ele><time>2019-02-22T16:22:22Z</time></trkpt><trkpt lat="48.8053440" lon="8.7243230"><ele>427.20</ele><time>2019-02-22T16:22:28Z</time></trkpt><trkpt lat="48.8052520" lon="8.7242950"><ele>426.40</ele><time>2019-02-22T16:22:36Z</time></trkpt><trkpt lat="48.8051400" lon="8.7242800"><ele>425.40</ele><time>2019-02-22T16:22:42Z</time></trkpt><trkpt lat="48.8050420" lon="8.7242780"><ele>424.50</ele><time>2019-02-22T16:22:47Z</time></trkpt><trkpt lat="48.8049430" lon="8.7242370"><ele>423.80</ele><time>2019-02-22T16:22:55Z</time></trkpt><trkpt lat="48.8048480" lon="8.7242020"><ele>423.10</ele><time>2019-02-22T16:23:00Z</time></trkpt><trkpt lat="48.8047560" lon="8.7242390"><ele>422.50</ele><time>2019-02-22T16:23:07Z</time></trkpt><trkpt lat="48.8046720" lon="8.7242890"><ele>421.90</ele><time>2019-02-22T16:23:16Z</time></trkpt><trkpt lat="48.8045770" lon="8.7242930"><ele>421.30</ele><time>2019-02-22T16:23:23Z</time></trkpt><trkpt lat="48.8044780" lon="8.7242690"><ele>420.70</ele><time>2019-02-22T16:23:28Z</time></trkpt><trkpt lat="48.8043800" lon="8.7243000"><ele>420.10</ele><time>2019-02-22T16:23:35Z</time></trkpt><trkpt lat="48.8042830" lon="8.7243160"><ele>419.40</ele><time>2019-02-22T16:23:41Z</time></trkpt><trkpt lat="48.8041900" lon="8.7243620"><ele>418.80</ele><time>2019-02-22T16:23:49Z</time></trkpt><trkpt lat="48.8040960" lon="8.7243580"><ele>418.20</ele><time>2019-02-22T16:23:56Z</time></trkpt><trkpt lat="48.8040050" lon="8.7243510"><ele>417.60</ele><time>2019-02-22T16:24:02Z</time></trkpt><trkpt lat="48.8039130" lon="8.7243660"><ele>417.10</ele><time>2019-02-22T16:24:09Z</time></trkpt><trkpt lat="48.8038180" lon="8.7243800"><ele>416.40</ele><time>2019-02-22T16:24:15Z</time></trkpt><trkpt lat="48.8037220" lon="8.7243700"><ele>415.80</ele><time>2019-02-22T16:24:21Z</time></trkpt><trkpt lat="48.8036200" lon="8.7244020"><ele>415.20</ele><time>2019-02-22T16:24:27Z</time></trkpt><trkpt lat="48.8035280" lon="8.7244600"><ele>414.50</ele><time>2019-02-22T16:24:36Z</time></trkpt><trkpt lat="48.8034360" lon="8.7245060"><ele>413.90</ele><time>2019-02-22T16:24:45Z</time></trkpt><trkpt lat="48.8033400" lon="8.7245230"><ele>413.30</ele><time>2019-02-22T16:24:53Z</time></trkpt><trkpt lat="48.8032530" lon="8.7245710"><ele>412.70</ele><time>2019-02-22T16:24:59Z</time></trkpt><trkpt lat="48.8031650" lon="8.7245870"><ele>412.00</ele><time>2019-02-22T16:25:06Z</time></trkpt><trkpt lat="48.8030700" lon="8.7246070"><ele>411.20</ele><time>2019-02-22T16:25:13Z</time></trkpt><trkpt lat="48.8029750" lon="8.7245890"><ele>410.40</ele><time>2019-02-22T16:25:19Z</time></trkpt><trkpt lat="48.8028800" lon="8.7245910"><ele>409.60</ele><time>2019-02-22T16:25:26Z</time></trkpt><trkpt lat="48.8027800" lon="8.7246360"><ele>408.70</ele><time>2019-02-22T16:25:33Z</time></trkpt><trkpt lat="48.8026770" lon="8.7246610"><ele>407.90</ele><time>2019-02-22T16:25:39Z</time></trkpt><trkpt lat="48.8025780" lon="8.7246930"><ele>407.00</ele><time>2019-02-22T16:25:51Z</time></trkpt><trkpt lat="48.8024860" lon="8.7247370"><ele>406.20</ele><time>2019-02-22T16:25:57Z</time></trkpt><trkpt lat="48.8023950" lon="8.7247880"><ele>405.40</ele><time>2019-02-22T16:26:04Z</time></trkpt><trkpt lat="48.8023030" lon="8.7248390"><ele>404.60</ele><time>2019-02-22T16:26:10Z</time></trkpt><trkpt lat="48.8022040" lon="8.7248880"><ele>403.70</ele><time>2019-02-22T16:26:34Z</time></trkpt><trkpt lat="48.8021000" lon="8.7249090"><ele>402.90</ele><time>2019-02-22T16:26:40Z</time></trkpt><trkpt lat="48.8020130" lon="8.7249680"><ele>402.10</ele><time>2019-02-22T16:26:48Z</time></trkpt><trkpt lat="48.8019260" lon="8.7249850"><ele>401.40</ele><time>2019-02-22T16:26:56Z</time></trkpt><trkpt lat="48.8018380" lon="8.7250240"><ele>400.60</ele><time>2019-02-22T16:27:03Z</time></trkpt><trkpt lat="48.8017270" lon="8.7250980"><ele>399.60</ele><time>2019-02-22T16:27:11Z</time></trkpt><trkpt lat="48.8016430" lon="8.7251880"><ele>398.70</ele><time>2019-02-22T16:27:23Z</time></trkpt><trkpt lat="48.8015500" lon="8.7252340"><ele>397.90</ele><time>2019-02-22T16:27:32Z</time></trkpt><trkpt lat="48.8014700" lon="8.7253100"><ele>397.20</ele><time>2019-02-22T16:27:41Z</time></trkpt><trkpt lat="48.8013800" lon="8.7253480"><ele>396.50</ele><time>2019-02-22T16:27:49Z</time></trkpt><trkpt lat="48.8013230" lon="8.7254670"><ele>395.70</ele><time>2019-02-22T16:28:00Z</time></trkpt><trkpt lat="48.8012300" lon="8.7255170"><ele>394.90</ele><time>2019-02-22T16:28:07Z</time></trkpt><trkpt lat="48.8011600" lon="8.7256080"><ele>394.20</ele><time>2019-02-22T16:28:14Z</time></trkpt><trkpt lat="48.8011050" lon="8.7257250"><ele>393.50</ele><time>2019-02-22T16:28:22Z</time></trkpt><trkpt lat="48.8010060" lon="8.7257590"><ele>392.70</ele><time>2019-02-22T16:28:28Z</time></trkpt><trkpt lat="48.8009150" lon="8.7258030"><ele>392.00</ele><time>2019-02-22T16:28:34Z</time></trkpt><trkpt lat="48.8008300" lon="8.7258670"><ele>391.20</ele><time>2019-02-22T16:28:40Z</time></trkpt><trkpt lat="48.8007470" lon="8.7259210"><ele>390.50</ele><time>2019-02-22T16:28:46Z</time></trkpt><trkpt lat="48.8006600" lon="8.7259910"><ele>389.80</ele><time>2019-02-22T16:28:53Z</time></trkpt><trkpt lat="48.8006000" lon="8.7261010"><ele>389.00</ele><time>2019-02-22T16:28:59Z</time></trkpt><trkpt lat="48.8005330" lon="8.7262220"><ele>388.20</ele><time>2019-02-22T16:29:07Z</time></trkpt><trkpt lat="48.8004700" lon="8.7263300"><ele>387.50</ele><time>2019-02-22T16:29:14Z</time></trkpt><trkpt lat="48.8004100" lon="8.7264450"><ele>386.70</ele><time>2019-02-22T16:29:22Z</time></trkpt><trkpt lat="48.8003500" lon="8.7265450"><ele>386.00</ele><time>2019-02-22T16:29:29Z</time></trkpt><trkpt lat="48.8002700" lon="8.7266350"><ele>385.30</ele><time>2019-02-22T16:29:37Z</time></trkpt><trkpt lat="48.8002170" lon="8.7267510"><ele>384.50</ele><time>2019-02-22T16:29:45Z</time></trkpt><trkpt lat="48.8001900" lon="8.7268830"><ele>383.80</ele><time>2019-02-22T16:29:51Z</time></trkpt><trkpt lat="48.8001200" lon="8.7269960"><ele>383.80</ele><time>2019-02-22T16:29:59Z</time></trkpt><trkpt lat="48.8000640" lon="8.7271210"><ele>383.80</ele><time>2019-02-22T16:30:07Z</time></trkpt><trkpt lat="48.7999950" lon="8.7272330"><ele>383.80</ele><time>2019-02-22T16:30:14Z</time></trkpt><trkpt lat="48.7999530" lon="8.7273530"><ele>383.80</ele><time>2019-02-22T16:30:20Z</time></trkpt><trkpt lat="48.7999100" lon="8.7274830"><ele>383.80</ele><time>2019-02-22T16:30:27Z</time></trkpt><trkpt lat="48.7998400" lon="8.7275870"><ele>383.80</ele><time>2019-02-22T16:30:35Z</time></trkpt><trkpt lat="48.7998000" lon="8.7277160"><ele>383.80</ele><time>2019-02-22T16:30:42Z</time></trkpt><trkpt lat="48.7997440" lon="8.7278330"><ele>383.80</ele><time>2019-02-22T16:30:51Z</time></trkpt><trkpt lat="48.7996980" lon="8.7279680"><ele>383.80</ele><time>2019-02-22T16:30:58Z</time></trkpt><trkpt lat="48.7996500" lon="8.7280950"><ele>383.80</ele><time>2019-02-22T16:31:05Z</time></trkpt><trkpt lat="48.7995900" lon="8.7282130"><ele>383.80</ele><time>2019-02-22T16:31:12Z</time></trkpt><trkpt lat="48.7995530" lon="8.7283390"><ele>383.80</ele><time>2019-02-22T16:31:18Z</time></trkpt><trkpt lat="48.7994900" lon="8.7284410"><ele>383.80</ele><time>2019-02-22T16:31:24Z</time></trkpt><trkpt lat="48.7993930" lon="8.7285140"><ele>383.80</ele><time>2019-02-22T16:31:31Z</time></trkpt><trkpt lat="48.7993050" lon="8.7285670"><ele>383.80</ele><time>2019-02-22T16:31:37Z</time></trkpt><trkpt lat="48.7992300" lon="8.7286420"><ele>383.80</ele><time>2019-02-22T16:31:44Z</time></trkpt><trkpt lat="48.7991400" lon="8.7287170"><ele>383.80</ele><time>2019-02-22T16:31:53Z</time></trkpt><trkpt lat="48.7990700" lon="8.7287990"><ele>383.80</ele><time>2019-02-22T16:32:00Z</time></trkpt></trkseg></trk>
<trk><name>rz:uebergang:kino</name><trkseg><trkpt lat="48.9570330" lon="8.8982989"><ele>383.80</ele></trkpt><trkpt lat="49.1147461" lon="9.0688748"><ele>383.80</ele></trkpt><trkpt lat="49.2722063" lon="9.2405379"><ele>383.80</ele></trkpt><trkpt lat="49.4294105" lon="9.4132996"><ele>383.80</ele></trkpt><trkpt lat="49.5863558" lon="9.5871711"><ele>383.80</ele></trkpt><trkpt lat="49.7430389" lon="9.7621640"><ele>383.80</ele></trkpt><trkpt lat="49.8994567" lon="9.9382899"><ele>383.80</ele></trkpt><trkpt lat="50.0556061" lon="10.1155604"><ele>383.80</ele></trkpt><trkpt lat="50.2114837" lon="10.2939875"><ele>383.80</ele></trkpt><trkpt lat="50.3670862" lon="10.4735831"><ele>383.80</ele></trkpt><trkpt lat="50.5224105" lon="10.6543594"><ele>383.80</ele></trkpt><trkpt lat="50.6774529" lon="10.8363284"><ele>383.80</ele></trkpt><trkpt lat="50.8322102" lon="11.0195025"><ele>383.80</ele></trkpt><trkpt lat="50.9866788" lon="11.2038942"><ele>383.80</ele></trkpt><trkpt lat="51.1408552" lon="11.3895160"><ele>383.80</ele></trkpt><trkpt lat="51.2947359" lon="11.5763806"><ele>383.80</ele></trkpt><trkpt lat="51.4483171" lon="11.7645009"><ele>383.80</ele></trkpt><trkpt lat="51.6015953" lon="11.9538896"><ele>383.80</ele></trkpt><trkpt lat="51.7545667" lon="12.1445600"><ele>383.80</ele></trkpt><trkpt lat="51.9072276" lon="12.3365252"><ele>383.80</ele></trkpt><trkpt lat="52.0595740" lon="12.5297984"><ele>383.80</ele></trkpt><trkpt lat="52.2116021" lon="12.7243930"><ele>383.80</ele></trkpt><trkpt lat="52.3633080" lon="12.9203227"><ele>383.80</ele></trkpt><trkpt lat="52.5146876" lon="13.1176011"><ele>383.80</ele></trkpt></trkseg></trk>
<trk><name>Tour 17.03.2019 11:37 (Completed)</name><trkseg><trkpt lat="52.6657370" lon="13.3162420"><ele>92.40</ele><time>2019-03-17T09:06:42Z</time></trkpt><trkpt lat="52.6657500" lon="13.3160790"><ele>92.40</ele><time>2019-03-17T09:07:30Z</time></trkpt><trkpt lat="52.6658060" lon="13.3159360"><ele>92.40</ele><time>2019-03-17T09:07:38Z</time></trkpt><trkpt lat="52.6657600" lon="13.3157900"><ele>92.40</ele><time>2019-03-17T09:08:02Z</time></trkpt><trkpt lat="52.6656570" lon="13.3157770"><ele>92.40</ele><time>2019-03-17T09:08:11Z</time></trkpt><trkpt lat="52.6655770" lon="13.3156890"><ele>92.40</ele><time>2019-03-17T09:08:17Z</time></trkpt><trkpt lat="52.6654970" lon="13.3155990"><ele>92.40</ele><time>2019-03-17T09:08:25Z</time></trkpt><trkpt lat="52.6654130" lon="13.3155340"><ele>92.40</ele><time>2019-03-17T09:08:32Z</time></trkpt><trkpt lat="52.6653200" lon="13.3154490"><ele>92.40</ele><time>2019-03-17T09:08:39Z</time></trkpt><trkpt lat="52.6652340" lon="13.3153700"><ele>92.40</ele><time>2019-03-17T09:08:46Z</time></trkpt><trkpt lat="52.6651460" lon="13.3152950"><ele>92.20</ele><time>2019-03-17T09:08:53Z</time></trkpt><trkpt lat="52.6650770" lon="13.3151990"><ele>92.10</ele><time>2019-03-17T09:09:00Z</time></trkpt><trkpt lat="52.6649970" lon="13.3150930"><ele>92.00</ele><time>2019-03-17T09:09:08Z</time></trkpt><trkpt lat="52.6649060" lon="13.3150290"><ele>91.80</ele><time>2019-03-17T09:09:15Z</time></trkpt><trkpt lat="52.6648300" lon="13.3149520"><ele>91.70</ele><time>2019-03-17T09:09:21Z</time></trkpt><trkpt lat="52.6647600" lon="13.3148440"><ele>91.60</ele><time>2019-03-17T09:09:27Z</time></trkpt><trkpt lat="52.6646770" lon="13.3147700"><ele>91.40</ele><time>2019-03-17T09:09:35Z</time></trkpt><trkpt lat="52.6646000" lon="13.3146760"><ele>91.30</ele><time>2019-03-17T09:09:42Z</time></trkpt><trkpt lat="52.6645100" lon="13.3146300"><ele>91.20</ele><time>2019-03-17T09:09:49Z</time></trkpt><trkpt lat="52.6644300" lon="13.3145500"><ele>91.10</ele><time>2019-03-17T09:09:56Z</time></trkpt><trkpt lat="52.6643500" lon="13.3144790"><ele>90.90</ele><time>2019-03-17T09:10:02Z</time></trkpt><trkpt lat="52.6642760" lon="13.3143520"><ele>90.80</ele><time>2019-03-17T09:10:09Z</time></trkpt><trkpt lat="52.6641770" lon="13.3143250"><ele>90.60</ele><time>2019-03-17T09:10:15Z</time></trkpt><trkpt lat="52.6640900" lon="13.3142710"><ele>90.50</ele><time>2019-03-17T09:10:22Z</time></trkpt><trkpt lat="52.6640240" lon="13.3141640"><ele>90.40</ele><time>2019-03-17T09:10:29Z</time></trkpt><trkpt lat="52.6639370" lon="13.3140630"><ele>90.20</ele><time>2019-03-17T09:10:35Z</time></trkpt><trkpt lat="52.6638500" lon="13.3139980"><ele>90.10</ele><time>2019-03-17T09:10:42Z</time></trkpt><trkpt lat="52.6637800" lon="13.3139000"><ele>90.00</ele><time>2019-03-17T09:10:50Z</time></trkpt><trkpt lat="52.6636900" lon="13.3139010"><ele>89.90</ele><time>2019-03-17T09:10:57Z</time></trkpt><trkpt lat="52.6636300" lon="13.3140250"><ele>89.70</ele><time>2019-03-17T09:11:04Z</time></trkpt><trkpt lat="52.6635400" lon="13.3140170"><ele>89.60</ele><time>2019-03-17T09:11:13Z</time></trkpt><trkpt lat="52.6635320" lon="13.3138640"><ele>89.50</ele><time>2019-03-17T09:11:25Z</time></trkpt><trkpt lat="52.6634500" lon="13.3137780"><ele>89.40</ele><time>2019-03-17T09:11:32Z</time></trkpt><trkpt lat="52.6633570" lon="13.3136950"><ele>89.30</ele><time>2019-03-17T09:11:39Z</time></trkpt><trkpt lat="52.6632700" lon="13.3136300"><ele>89.20</ele><time>2019-03-17T09:11:46Z</time></trkpt><trkpt lat="52.6631700" lon="13.3135980"><ele>89.10</ele><time>2019-03-17T09:11:51Z</time></trkpt><trkpt lat="52.6630970" lon="13.3135030"><ele>89.00</ele><time>2019-03-17T09:11:58Z</time></trkpt><trkpt lat="52.6630130" lon="13.3134120"><ele>88.90</ele><time>2019-03-17T09:12:06Z</time></trkpt><trkpt lat="52.6629300" lon="13.3133500"><ele>88.80</ele><time>2019-03-17T09:12:12Z</time></trkpt><trkpt lat="52.6628340" lon="13.3132860"><ele>88.60</ele><time>2019-03-17T09:12:20Z</time></trkpt><trkpt lat="52.6627600" lon="13.3131980"><ele>88.50</ele><time>2019-03-17T09:12:26Z</time></trkpt><trkpt lat="52.6626780" lon="13.3131150"><ele>88.40</ele><time>2019-03-17T09:12:33Z</time></trkpt><trkpt lat="52.6625900" lon="13.3130410"><ele>88.30</ele><time>2019-03-17T09:12:39Z</time></trkpt><trkpt lat="52.6625140" lon="13.3129490"><ele>88.20</ele><time>2019-03-17T09:12:46Z</time></trkpt><trkpt lat="52.6624260" lon="13.3128920"><ele>88.10</ele><time>2019-03-17T09:12:53Z</time></trkpt><trkpt lat="52.6623420" lon="13.3128200"><ele>88.00</ele><time>2019-03-17T09:13:00Z</time></trkpt><trkpt lat="52.6622540" lon="13.3127420"><ele>87.90</ele><time>2019-03-17T09:13:07Z</time></trkpt><trkpt lat="52.6621740" lon="13.3126510"><ele>87.90</ele><time>2019-03-17T09:13:15Z</time></trkpt><trkpt lat="52.6620900" lon="13.3125750"><ele>88.10</ele><time>2019-03-17T09:13:21Z</time></trkpt><trkpt lat="52.6619950" lon="13.3125230"><ele>88.30</ele><time>2019-03-17T09:13:26Z</time></trkpt><trkpt lat="52.6619030" lon="13.3125350"><ele>88.50</ele><time>2019-03-17T09:13:37Z</time></trkpt><trkpt lat="52.6619000" lon="13.3126870"><ele>88.70</ele><time>2019-03-17T09:13:44Z</time></trkpt><trkpt lat="52.6619000" lon="13.3128400"><ele>88.90</ele><time>2019-03-17T09:13:51Z</time></trkpt><trkpt lat="52.6618800" lon="13.3129940"><ele>89.10</ele><time>2019-03-17T09:14:00Z</time></trkpt><trkpt lat="52.6618600" lon="13.3131610"><ele>89.30</ele><time>2019-03-17T09:14:09Z</time></trkpt><trkpt lat="52.6618400" lon="13.3133070"><ele>89.50</ele><time>2019-03-17T09:14:17Z</time></trkpt><trkpt lat="52.6618230" lon="13.3134650"><ele>89.70</ele><time>2019-03-17T09:14:25Z</time></trkpt><trkpt lat="52.6618000" lon="13.3136250"><ele>89.90</ele><time>2019-03-17T09:14:32Z</time></trkpt><trkpt lat="52.6617740" lon="13.3137700"><ele>90.10</ele><time>2019-03-17T09:14:41Z</time></trkpt><trkpt lat="52.6616800" lon="13.3137580"><ele>90.30</ele><time>2019-03-17T09:14:50Z</time></trkpt><trkpt lat="52.6615830" lon="13.3137380"><ele>90.50</ele><time>2019-03-17T09:14:58Z</time></trkpt><trkpt lat="52.6614840" lon="13.3137180"><ele>90.70</ele><time>2019-03-17T09:15:06Z</time></trkpt><trkpt lat="52.6613900" lon="13.3137070"><ele>90.90</ele><time>2019-03-17T09:15:13Z</time></trkpt><trkpt lat="52.6612850" lon="13.3136870"><ele>91.10</ele><time>2019-03-17T09:15:21Z</time></trkpt><trkpt lat="52.6611940" lon="13.3136890"><ele>91.30</ele><time>2019-03-17T09:15:27Z</time></trkpt><trkpt lat="52.6611000" lon="13.3136730"><ele>91.50</ele><time>2019-03-17T09:15:35Z</time></trkpt><trkpt lat="52.6610000" lon="13.3136690"><ele>91.90</ele><time>2019-03-17T09:15:42Z</time></trkpt><trkpt lat="52.6609540" lon="13.3138000"><ele>92.20</ele><time>2019-03-17T09:15:51Z</time></trkpt><trkpt lat="52.6609500" lon="13.3139500"><ele>92.50</ele><time>2019-03-17T09:15:57Z</time></trkpt><trkpt lat="52.6609340" lon="13.3141010"><ele>92.90</ele><time>2019-03-17T09:16:06Z</time></trkpt><trkpt lat="52.6609300" lon="13.3142580"><ele>93.30</ele><time>2019-03-17T09:16:18Z</time></trkpt><trkpt lat="52.6609040" lon="13.3144310"><ele>93.70</ele><time>2019-03-17T09:16:27Z</time></trkpt><trkpt lat="52.6608730" lon="13.3145870"><ele>94.00</ele><time>2019-03-17T09:16:34Z</time></trkpt><trkpt lat="52.6608500" lon="13.3147500"><ele>94.40</ele><time>2019-03-17T09:16:42Z</time></trkpt><trkpt lat="52.6608730" lon="13.3148990"><ele>94.80</ele><time>2019-03-17T09:16:50Z</time></trkpt><trkpt lat="52.6608500" lon="13.3150630"><ele>95.20</ele><time>2019-03-17T09:17:15Z</time></trkpt><trkpt lat="52.6608160" lon="13.3152080"><ele>95.50</ele><time>2019-03-17T09:17:22Z</time></trkpt><trkpt lat="52.6607800" lon="13.3153500"><ele>95.90</ele><time>2019-03-17T09:17:29Z</time></trkpt><trkpt lat="52.6607700" lon="13.3155080"><ele>96.20</ele><time>2019-03-17T09:17:37Z</time></trkpt><trkpt lat="52.6607670" lon="13.3156650"><ele>96.60</ele><time>2019-03-17T09:17:46Z</time></trkpt><trkpt lat="52.6608000" lon="13.3158130"><ele>97.00</ele><time>2019-03-17T09:17:52Z</time></trkpt><trkpt lat="52.6607600" lon="13.3159490"><ele>97.30</ele><time>2019-03-17T09:17:58Z</time></trkpt><trkpt lat="52.6607360" lon="13.3160960"><ele>97.70</ele><time>2019-03-17T09:18:06Z</time></trkpt><trkpt lat="52.6607250" lon="13.3162530"><ele>98.00</ele><time>2019-03-17T09:18:14Z</time></trkpt><trkpt lat="52.6607200" lon="13.3164110"><ele>98.30</ele><time>2019-03-17T09:18:21Z</time></trkpt><trkpt lat="52.6607100" lon="13.3165630"><ele>97.90</ele><time>2019-03-17T09:18:28Z</time></trkpt><trkpt lat="52.6607170" lon="13.3167340"><ele>97.50</ele><time>2019-03-17T09:18:35Z</time></trkpt><trkpt lat="52.6607060" lon="13.3169000"><ele>97.10</ele><time>2019-03-17T09:18:43Z</time></trkpt><trkpt lat="52.6607250" lon="13.3170600"><ele>96.70</ele><time>2019-03-17T09:18:50Z</time></trkpt><trkpt lat="52.6607440" lon="13.3172070"><ele>96.40</ele><time>2019-03-17T09:18:57Z</time></trkpt><trkpt lat="52.6607000" lon="13.3173440"><ele>96.00</ele><time>2019-03-17T09:19:05Z</time></trkpt><trkpt lat="52.6606560" lon="13.3174740"><ele>95.60</ele><time>2019-03-17T09:19:11Z</time></trkpt><trkpt lat="52.6606330" lon="13.3176260"><ele>95.30</ele><time>2019-03-17T09:19:17Z</time></trkpt><trkpt lat="52.6606180" lon="13.3177810"><ele>94.90</ele><time>2019-03-17T09:19:23Z</time></trkpt><trkpt lat="52.6606100" lon="13.3179350"><ele>94.50</ele><time>2019-03-17T09:19:31Z</time></trkpt><trkpt lat="52.6605830" lon="13.3180860"><ele>94.10</ele><time>2019-03-17T09:19:38Z</time></trkpt><trkpt lat="52.6605530" lon="13.3182330"><ele>93.80</ele><time>2019-03-17T09:19:46Z</time></trkpt><trkpt lat="52.6605300" lon="13.3183770"><ele>93.40</ele><time>2019-03-17T09:19:52Z</time></trkpt><trkpt lat="52.6604900" lon="13.3185070"><ele>93.10</ele><time>2019-03-17T09:19:59Z</time></trkpt><trkpt lat="52.6603930" lon="13.3185160"><ele>92.70</ele><time>2019-03-17T09:20:05Z</time></trkpt><trkpt lat="52.6603470" lon="13.3183780"><ele>92.30</ele><time>2019-03-17T09:20:12Z</time></trkpt><trkpt lat="52.6602820" lon="13.3182750"><ele>92.00</ele><time>2019-03-17T09:20:19Z</time></trkpt><trkpt lat="52.6602130" lon="13.3181560"><ele>91.60</ele><time>2019-03-17T09:20:28Z</time></trkpt><trkpt lat="52.6601940" lon="13.3179910"><ele>91.20</ele><time>2019-03-17T09:20:54Z</time></trkpt><trkpt lat="52.6601370" lon="13.3178580"><ele>91.20</ele><time>2019-03-17T09:21:03Z</time></trkpt><trkpt lat="52.6600760" lon="13.3177260"><ele>91.10</ele><time>2019-03-17T09:21:13Z</time></trkpt><trkpt lat="52.6600300" lon="13.3175970"><ele>91.10</ele><time>2019-03-17T09:21:20Z</time></trkpt><trkpt lat="52.6600070" lon="13.3174390"><ele>91.00</ele><time>2019-03-17T09:21:29Z</time></trkpt><trkpt lat="52.6599400" lon="13.3173170"><ele>91.00</ele><time>2019-03-17T09:21:37Z</time></trkpt><trkpt lat="52.6598850" lon="13.3171820"><ele>90.90</ele><time>2019-03-17T09:21:47Z</time></trkpt><trkpt lat="52.6598500" lon="13.3170410"><ele>90.80</ele><time>2019-03-17T09:22:01Z</time></trkpt><trkpt lat="52.6598100" lon="13.3168970"><ele>90.80</ele><time>2019-03-17T09:22:09Z</time></trkpt><trkpt lat="52.6597750" lon="13.3167520"><ele>90.70</ele><time>2019-03-17T09:22:17Z</time></trkpt><trkpt lat="52.6597180" lon="13.3166380"><ele>90.70</ele><time>2019-03-17T09:22:26Z</time></trkpt><trkpt lat="52.6596760" lon="13.3164790"><ele>90.60</ele><time>2019-03-17T09:22:34Z</time></trkpt><trkpt lat="52.6596070" lon="13.3163770"><ele>90.60</ele><time>2019-03-17T09:22:46Z</time></trkpt><trkpt lat="52.6596150" lon="13.3162120"><ele>90.50</ele><time>2019-03-17T09:22:52Z</time></trkpt><trkpt lat="52.6595650" lon="13.3160860"><ele>90.50</ele><time>2019-03-17T09:23:01Z</time></trkpt><trkpt lat="52.6595040" lon="13.3159730"><ele>90.40</ele><time>2019-03-17T09:23:10Z</time></trkpt><trkpt lat="52.6594620" lon="13.3158190"><ele>90.30</ele><time>2019-03-17T09:23:19Z</time></trkpt><trkpt lat="52.6594160" lon="13.3156890"><ele>90.30</ele><time>2019-03-17T09:23:27Z</time></trkpt><trkpt lat="52.6593670" lon="13.3155470"><ele>90.20</ele><time>2019-03-17T09:23:36Z</time></trkpt><trkpt lat="52.6592860" lon="13.3153690"><ele>89.90</ele><time>2019-03-17T09:24:20Z</time></trkpt><trkpt lat="52.6592500" lon="13.3152270"><ele>89.70</ele><time>2019-03-17T09:24:27Z</time></trkpt><trkpt lat="52.6592200" lon="13.3150780"><ele>89.40</ele><time>2019-03-17T09:24:36Z</time></trkpt><trkpt lat="52.6591900" lon="13.3149370"><ele>89.20</ele><time>2019-03-17T09:24:47Z</time></trkpt><trkpt lat="52.6591300" lon="13.3147800"><ele>88.90</ele><time>2019-03-17T09:24:51Z</time></trkpt><trkpt lat="52.6590900" lon="13.3146340"><ele>88.60</ele><time>2019-03-17T09:25:00Z</time></trkpt><trkpt lat="52.6590400" lon="13.3145040"><ele>88.30</ele><time>2019-03-17T09:25:08Z</time></trkpt><trkpt lat="52.6589800" lon="13.3143750"><ele>88.10</ele><time>2019-03-17T09:25:16Z</time></trkpt><trkpt lat="52.6589280" lon="13.3142570"><ele>87.80</ele><time>2019-03-17T09:25:22Z</time></trkpt><trkpt lat="52.6588860" lon="13.3141040"><ele>87.50</ele><time>2019-03-17T09:25:30Z</time></trkpt><trkpt lat="52.6588480" lon="13.3139590"><ele>87.30</ele><time>2019-03-17T09:25:39Z</time></trkpt><trkpt lat="52.6588020" lon="13.3138290"><ele>87.00</ele><time>2019-03-17T09:25:46Z</time></trkpt><trkpt lat="52.6587500" lon="13.3137080"><ele>86.80</ele><time>2019-03-17T09:25:52Z</time></trkpt><trkpt lat="52.6586400" lon="13.3135890"><ele>86.40</ele><time>2019-03-17T09:26:42Z</time></trkpt><trkpt lat="52.6585960" lon="13.3134520"><ele>86.10</ele><time>2019-03-17T09:26:49Z</time></trkpt><trkpt lat="52.6585430" lon="13.3133270"><ele>85.90</ele><time>2019-03-17T09:26:57Z</time></trkpt><trkpt lat="52.6584740" lon="13.3131980"><ele>85.60</ele><time>2019-03-17T09:27:05Z</time></trkpt><trkpt lat="52.6584360" lon="13.3130630"><ele>85.30</ele><time>2019-03-17T09:27:14Z</time></trkpt><trkpt lat="52.6583700" lon="13.3129370"><ele>85.20</ele><time>2019-03-17T09:27:22Z</time></trkpt><trkpt lat="52.6583100" lon="13.3128180"><ele>85.20</ele><time>2019-03-17T09:27:30Z</time></trkpt><trkpt lat="52.6582700" lon="13.3126810"><ele>85.10</ele><time>2019-03-17T09:27:40Z</time></trkpt><trkpt lat="52.6582450" lon="13.3125270"><ele>85.10</ele><time>2019-03-17T09:27:51Z</time></trkpt><trkpt lat="52.6582340" lon="13.3123700"><ele>85.10</ele><time>2019-03-17T09:28:00Z</time></trkpt><trkpt lat="52.6581700" lon="13.3122470"><ele>85.10</ele><time>2019-03-17T09:28:08Z</time></trkpt><trkpt lat="52.6581080" lon="13.3121300"><ele>85.00</ele><time>2019-03-17T09:28:15Z</time></trkpt><trkpt lat="52.6580540" lon="13.3119900"><ele>85.00</ele><time>2019-03-17T09:28:25Z</time></trkpt><trkpt lat="52.6580050" lon="13.3118490"><ele>85.00</ele><time>2019-03-17T09:28:33Z</time></trkpt><trkpt lat="52.6579480" lon="13.3117270"><ele>84.90</ele><time>2019-03-17T09:28:40Z</time></trkpt><trkpt lat="52.6578940" lon="13.3115910"><ele>84.90</ele><time>2019-03-17T09:28:50Z</time></trkpt><trkpt lat="52.6578520" lon="13.3114480"><ele>84.90</ele><time>2019-03-17T09:28:57Z</time></trkpt><trkpt lat="52.6578200" lon="13.3113010"><ele>84.80</ele><time>2019-03-17T09:29:05Z</time></trkpt><trkpt lat="52.6577400" lon="13.3112100"><ele>84.80</ele><time>2019-03-17T09:29:13Z</time></trkpt><trkpt lat="52.6576900" lon="13.3110870"><ele>84.80</ele><time>2019-03-17T09:29:22Z</time></trkpt><trkpt lat="52.6576230" lon="13.3109690"><ele>84.70</ele><time>2019-03-17T09:29:32Z</time></trkpt><trkpt lat="52.6575430" lon="13.3108590"><ele>84.70</ele><time>2019-03-17T09:29:40Z</time></trkpt><trkpt lat="52.6574940" lon="13.3107300"><ele>84.70</ele><time>2019-03-17T09:29:49Z</time></trkpt><trkpt lat="52.6574970" lon="13.3105730"><ele>84.70</ele><time>2019-03-17T09:29:56Z</time></trkpt><trkpt lat="52.6574670" lon="13.3104170"><ele>84.70</ele><time>2019-03-17T09:30:04Z</time></trkpt><trkpt lat="52.6574480" lon="13.3102710"><ele>84.80</ele><time>2019-03-17T09:30:11Z</time></trkpt><trkpt lat="52.6573900" lon="13.3101300"><ele>84.90</ele><time>2019-03-17T09:30:22Z</time></trkpt><trkpt lat="52.6573330" lon="13.3100040"><ele>84.90</ele><time>2019-03-17T09:30:31Z</time></trkpt><trkpt lat="52.6573000" lon="13.3098620"><ele>85.00</ele><time>2019-03-17T09:30:40Z</time></trkpt><trkpt lat="52.6572460" lon="13.3097250"><ele>85.10</ele><time>2019-03-17T09:30:50Z</time></trkpt><trkpt lat="52.6571800" lon="13.3096170"><ele>85.10</ele><time>2019-03-17T09:30:58Z</time></trkpt><trkpt lat="52.6571160" lon="13.3094990"><ele>85.20</ele><time>2019-03-17T09:31:06Z</time></trkpt><trkpt lat="52.6570900" lon="13.3093380"><ele>85.30</ele><time>2019-03-17T09:31:14Z</time></trkpt><trkpt lat="52.6571100" lon="13.3091870"><ele>85.30</ele><time>2019-03-17T09:31:24Z</time></trkpt><trkpt lat="52.6571350" lon="13.3090250"><ele>85.40</ele><time>2019-03-17T09:31:33Z</time></trkpt><trkpt lat="52.6571920" lon="13.3089000"><ele>85.50</ele><time>2019-03-17T09:31:52Z</time></trkpt><trkpt lat="52.6572100" lon="13.3087450"><ele>85.60</ele><time>2019-03-17T09:32:01Z</time></trkpt><trkpt lat="52.6572150" lon="13.3085940"><ele>85.60</ele><time>2019-03-17T09:32:11Z</time></trkpt><trkpt lat="52.6571900" lon="13.3084400"><ele>85.70</ele><time>2019-03-17T09:32:25Z</time></trkpt><trkpt lat="52.6571600" lon="13.3082940"><ele>85.80</ele><time>2019-03-17T09:32:40Z</time></trkpt><trkpt lat="52.6572270" lon="13.3081820"><ele>85.80</ele><time>2019-03-17T09:33:49Z</time></trkpt><trkpt lat="52.6571460" lon="13.3080780"><ele>85.90</ele><time>2019-03-17T09:34:01Z</time></trkpt><trkpt lat="52.6570780" lon="13.3079630"><ele>86.00</ele><time>2019-03-17T09:34:10Z</time></trkpt><trkpt lat="52.6570360" lon="13.3078190"><ele>86.20</ele><time>2019-03-17T09:34:23Z</time></trkpt><trkpt lat="52.6570200" lon="13.3076620"><ele>86.40</ele><time>2019-03-17T09:34:32Z</time></trkpt><trkpt lat="52.6570100" lon="13.3075120"><ele>86.60</ele><time>2019-03-17T09:34:41Z</time></trkpt><trkpt lat="52.6569480" lon="13.3073640"><ele>86.80</ele><time>2019-03-17T09:35:34Z</time></trkpt><trkpt lat="52.6569020" lon="13.3072120"><ele>87.00</ele><time>2019-03-17T09:35:44Z</time></trkpt><trkpt lat="52.6568760" lon="13.3070640"><ele>87.20</ele><time>2019-03-17T09:35:53Z</time></trkpt><trkpt lat="52.6568400" lon="13.3069110"><ele>87.40</ele><time>2019-03-17T09:36:04Z</time></trkpt><trkpt lat="52.6568400" lon="13.3067540"><ele>87.60</ele><time>2019-03-17T09:36:14Z</time></trkpt><trkpt lat="52.6568680" lon="13.3066110"><ele>87.80</ele><time>2019-03-17T09:36:45Z</time></trkpt><trkpt lat="52.6569140" lon="13.3061890"><ele>88.30</ele><time>2019-03-17T09:38:48Z</time></trkpt><trkpt lat="52.6569600" lon="13.3060540"><ele>88.50</ele><time>2019-03-17T09:38:57Z</time></trkpt><trkpt lat="52.6568200" lon="13.3057960"><ele>88.90</ele><time>2019-03-17T09:40:30Z</time></trkpt><trkpt lat="52.6566300" lon="13.3057120"><ele>89.30</ele><time>2019-03-17T09:40:59Z</time></trkpt><trkpt lat="52.6565440" lon="13.3056820"><ele>89.50</ele><time>2019-03-17T09:41:21Z</time></trkpt><trkpt lat="52.6564670" lon="13.3053110"><ele>90.20</ele><time>2019-03-17T09:44:45Z</time></trkpt><trkpt lat="52.6564560" lon="13.3051640"><ele>90.60</ele><time>2019-03-17T09:44:51Z</time></trkpt><trkpt lat="52.6564640" lon="13.3050060"><ele>90.90</ele><time>2019-03-17T09:44:57Z</time></trkpt><trkpt lat="52.6564750" lon="13.3048500"><ele>91.20</ele><time>2019-03-17T09:45:05Z</time></trkpt><trkpt lat="52.6564670" lon="13.3046880"><ele>91.60</ele><time>2019-03-17T09:45:13Z</time></trkpt><trkpt lat="52.6565320" lon="13.3045870"><ele>91.90</ele><time>2019-03-17T09:45:22Z</time></trkpt><trkpt lat="52.6566160" lon="13.3045170"><ele>92.30</ele><time>2019-03-17T09:45:30Z</time></trkpt><trkpt lat="52.6567230" lon="13.3045040"><ele>92.60</ele><time>2019-03-17T09:45:40Z</time></trkpt><trkpt lat="52.6568150" lon="13.3044730"><ele>93.00</ele><time>2019-03-17T09:45:49Z</time></trkpt><trkpt lat="52.6569060" lon="13.3044700"><ele>93.30</ele><time>2019-03-17T09:45:59Z</time></trkpt><trkpt lat="52.6570100" lon="13.3044970"><ele>93.70</ele><time>2019-03-17T09:46:14Z</time></trkpt><trkpt lat="52.6571000" lon="13.3045280"><ele>94.00</ele><time>2019-03-17T09:46:21Z</time></trkpt><trkpt lat="52.6572040" lon="13.3045550"><ele>94.40</ele><time>2019-03-17T09:46:33Z</time></trkpt><trkpt lat="52.6572950" lon="13.3045980"><ele>94.70</ele><time>2019-03-17T09:46:42Z</time></trkpt><trkpt lat="52.6573900" lon="13.3046280"><ele>95.10</ele><time>2019-03-17T09:46:54Z</time></trkpt><trkpt lat="52.6574820" lon="13.3046490"><ele>95.40</ele><time>2019-03-17T09:47:08Z</time></trkpt><trkpt lat="52.6575740" lon="13.3046720"><ele>95.80</ele><time>2019-03-17T09:47:16Z</time></trkpt><trkpt lat="52.6576650" lon="13.3046750"><ele>96.00</ele><time>2019-03-17T09:47:27Z</time></trkpt><trkpt lat="52.6577640" lon="13.3046830"><ele>95.60</ele><time>2019-03-17T09:47:45Z</time></trkpt><trkpt lat="52.6578640" lon="13.3047170"><ele>95.30</ele><time>2019-03-17T09:47:53Z</time></trkpt><trkpt lat="52.6579500" lon="13.3047320"><ele>95.00</ele><time>2019-03-17T09:48:02Z</time></trkpt><trkpt lat="52.6580430" lon="13.3047240"><ele>94.70</ele><time>2019-03-17T09:48:16Z</time></trkpt><trkpt lat="52.6581340" lon="13.3046920"><ele>94.40</ele><time>2019-03-17T09:48:31Z</time></trkpt><trkpt lat="52.6582370" lon="13.3046810"><ele>94.10</ele><time>2019-03-17T09:48:39Z</time></trkpt><trkpt lat="52.6583300" lon="13.3046470"><ele>93.80</ele><time>2019-03-17T09:48:48Z</time></trkpt><trkpt lat="52.6584300" lon="13.3046200"><ele>93.40</ele><time>2019-03-17T09:48:55Z</time></trkpt><trkpt lat="52.6585240" lon="13.3046000"><ele>93.10</ele><time>2019-03-17T09:49:06Z</time></trkpt><trkpt lat="52.6586150" lon="13.3045840"><ele>92.80</ele><time>2019-03-17T09:49:14Z</time></trkpt><trkpt lat="52.6587100" lon="13.3045810"><ele>92.50</ele><time>2019-03-17T09:49:21Z</time></trkpt><trkpt lat="52.6587940" lon="13.3045180"><ele>92.20</ele><time>2019-03-17T09:49:37Z</time></trkpt><trkpt lat="52.6588100" lon="13.3043690"><ele>91.90</ele><time>2019-03-17T09:50:00Z</time></trkpt><trkpt lat="52.6587680" lon="13.3042250"><ele>91.60</ele><time>2019-03-17T09:50:10Z</time></trkpt><trkpt lat="52.6587100" lon="13.3041090"><ele>91.30</ele><time>2019-03-17T09:50:20Z</time></trkpt><trkpt lat="52.6586800" lon="13.3039640"><ele>91.00</ele><time>2019-03-17T09:50:28Z</time></trkpt><trkpt lat="52.6586720" lon="13.3038010"><ele>90.60</ele><time>2019-03-17T09:50:36Z</time></trkpt><trkpt lat="52.6586760" lon="13.3036510"><ele>90.30</ele><time>2019-03-17T09:50:43Z</time></trkpt><trkpt lat="52.6586400" lon="13.3034970"><ele>90.20</ele><time>2019-03-17T09:50:52Z</time></trkpt><trkpt lat="52.6586200" lon="13.3033420"><ele>90.60</ele><time>2019-03-17T09:51:01Z</time></trkpt><trkpt lat="52.6585850" lon="13.3031790"><ele>90.90</ele><time>2019-03-17T09:51:11Z</time></trkpt><trkpt lat="52.6585600" lon="13.3030310"><ele>91.30</ele><time>2019-03-17T09:51:18Z</time></trkpt><trkpt lat="52.6585580" lon="13.3028810"><ele>91.60</ele><time>2019-03-17T09:51:26Z</time></trkpt><trkpt lat="52.6585270" lon="13.3027290"><ele>92.00</ele><time>2019-03-17T09:51:34Z</time></trkpt><trkpt lat="52.6584700" lon="13.3025990"><ele>92.30</ele><time>2019-03-17T09:51:43Z</time></trkpt><trkpt lat="52.6584780" lon="13.3024480"><ele>92.60</ele><time>2019-03-17T09:51:51Z</time></trkpt><trkpt lat="52.6584470" lon="13.3022990"><ele>93.00</ele><time>2019-03-17T09:51:59Z</time></trkpt><trkpt lat="52.6584240" lon="13.3021420"><ele>93.30</ele><time>2019-03-17T09:52:13Z</time></trkpt><trkpt lat="52.6583800" lon="13.3020020"><ele>93.70</ele><time>2019-03-17T09:52:19Z</time></trkpt><trkpt lat="52.6583480" lon="13.3018520"><ele>94.00</ele><time>2019-03-17T09:52:28Z</time></trkpt><trkpt lat="52.6583940" lon="13.3017230"><ele>94.40</ele><time>2019-03-17T09:52:34Z</time></trkpt><trkpt lat="52.6584470" lon="13.3015940"><ele>94.70</ele><time>2019-03-17T09:52:42Z</time></trkpt><trkpt lat="52.6584700" lon="13.3014450"><ele>95.00</ele><time>2019-03-17T09:52:50Z</time></trkpt><trkpt lat="52.6585100" lon="13.3012940"><ele>95.40</ele><time>2019-03-17T09:52:59Z</time></trkpt><trkpt lat="52.6585600" lon="13.3011620"><ele>95.70</ele><time>2019-03-17T09:53:08Z</time></trkpt><trkpt lat="52.6586300" lon="13.3010330"><ele>96.10</ele><time>2019-03-17T09:53:16Z</time></trkpt><trkpt lat="52.6586760" lon="13.3008850"><ele>96.50</ele><time>2019-03-17T09:53:23Z</time></trkpt><trkpt lat="52.6587140" lon="13.3007490"><ele>96.40</ele><time>2019-03-17T09:53:33Z</time></trkpt><trkpt lat="52.6588440" lon="13.3003280"><ele>95.20</ele><time>2019-03-17T09:54:06Z</time></trkpt><trkpt lat="52.6589000" lon="13.3002070"><ele>94.90</ele><time>2019-03-17T09:54:12Z</time></trkpt><trkpt lat="52.6588860" lon="13.3000450"><ele>94.50</ele><time>2019-03-17T09:54:18Z</time></trkpt><trkpt lat="52.6588970" lon="13.2998880"><ele>94.10</ele><time>2019-03-17T09:54:24Z</time></trkpt><trkpt lat="52.6588970" lon="13.2997350"><ele>93.70</ele><time>2019-03-17T09:54:36Z</time></trkpt><trkpt lat="52.6589240" lon="13.2995900"><ele>93.40</ele><time>2019-03-17T09:54:42Z</time></trkpt><trkpt lat="52.6588600" lon="13.2994860"><ele>93.00</ele><time>2019-03-17T09:54:46Z</time></trkpt><trkpt lat="52.6588440" lon="13.2993320"><ele>92.60</ele><time>2019-03-17T09:54:57Z</time></trkpt><trkpt lat="52.6588750" lon="13.2991820"><ele>92.30</ele><time>2019-03-17T09:55:06Z</time></trkpt><trkpt lat="52.6588940" lon="13.2990230"><ele>91.90</ele><time>2019-03-17T09:55:14Z</time></trkpt><trkpt lat="52.6588820" lon="13.2988620"><ele>91.50</ele><time>2019-03-17T09:55:23Z</time></trkpt><trkpt lat="52.6589050" lon="13.2987030"><ele>91.10</ele><time>2019-03-17T09:55:31Z</time></trkpt><trkpt lat="52.6588970" lon="13.2985320"><ele>90.70</ele><time>2019-03-17T09:55:40Z</time></trkpt><trkpt lat="52.6589050" lon="13.2983710"><ele>90.30</ele><time>2019-03-17T09:55:49Z</time></trkpt><trkpt lat="52.6589160" lon="13.2982130"><ele>89.90</ele><time>2019-03-17T09:55:58Z</time></trkpt><trkpt lat="52.6588940" lon="13.2980700"><ele>89.50</ele><time>2019-03-17T09:56:05Z</time></trkpt><trkpt lat="52.6589050" lon="13.2979040"><ele>89.40</ele><time>2019-03-17T09:56:13Z</time></trkpt><trkpt lat="52.6589160" lon="13.2977390"><ele>89.30</ele><time>2019-03-17T09:56:21Z</time></trkpt><trkpt lat="52.6588970" lon="13.2975820"><ele>89.30</ele><time>2019-03-17T09:56:28Z</time></trkpt><trkpt lat="52.6589130" lon="13.2974180"><ele>89.20</ele><time>2019-03-17T09:56:37Z</time></trkpt><trkpt lat="52.6589200" lon="13.2972520"><ele>89.10</ele><time>2019-03-17T09:56:46Z</time></trkpt><trkpt lat="52.6589160" lon="13.2970780"><ele>89.00</ele><time>2019-03-17T09:56:54Z</time></trkpt><trkpt lat="52.6588970" lon="13.2969220"><ele>89.00</ele><time>2019-03-17T09:57:04Z</time></trkpt><trkpt lat="52.6588860" lon="13.2967700"><ele>88.90</ele><time>2019-03-17T09:57:11Z</time></trkpt><trkpt lat="52.6588750" lon="13.2966180"><ele>88.80</ele><time>2019-03-17T09:57:18Z</time></trkpt><trkpt lat="52.6588820" lon="13.2964680"><ele>88.80</ele><time>2019-03-17T09:57:24Z</time></trkpt><trkpt lat="52.6588750" lon="13.2963090"><ele>88.70</ele><time>2019-03-17T09:57:35Z</time></trkpt><trkpt lat="52.6588860" lon="13.2961390"><ele>88.60</ele><time>2019-03-17T09:57:43Z</time></trkpt><trkpt lat="52.6588700" lon="13.2959710"><ele>88.60</ele><time>2019-03-17T09:57:51Z</time></trkpt><trkpt lat="52.6588800" lon="13.2958150"><ele>88.50</ele><time>2019-03-17T09:57:59Z</time></trkpt><trkpt lat="52.6588600" lon="13.2956640"><ele>88.40</ele><time>2019-03-17T09:58:07Z</time></trkpt><trkpt lat="52.6588600" lon="13.2955040"><ele>88.30</ele><time>2019-03-17T09:58:18Z</time></trkpt><trkpt lat="52.6588360" lon="13.2953460"><ele>88.30</ele><time>2019-03-17T09:58:27Z</time></trkpt><trkpt lat="52.6588250" lon="13.2951870"><ele>88.20</ele><time>2019-03-17T09:58:35Z</time></trkpt><trkpt lat="52.6587940" lon="13.2950290"><ele>88.20</ele><time>2019-03-17T09:58:44Z</time></trkpt><trkpt lat="52.6587940" lon="13.2948810"><ele>88.40</ele><time>2019-03-17T09:58:55Z</time></trkpt><trkpt lat="52.6588130" lon="13.2947350"><ele>88.60</ele><time>2019-03-17T09:59:02Z</time></trkpt><trkpt lat="52.6588060" lon="13.2945750"><ele>88.70</ele><time>2019-03-17T09:59:09Z</time></trkpt><trkpt lat="52.6588060" lon="13.2944110"><ele>88.90</ele><time>2019-03-17T09:59:17Z</time></trkpt><trkpt lat="52.6588000" lon="13.2942500"><ele>89.00</ele><time>2019-03-17T09:59:25Z</time></trkpt><trkpt lat="52.6588000" lon="13.2940920"><ele>89.20</ele><time>2019-03-17T09:59:32Z</time></trkpt><trkpt lat="52.6588940" lon="13.2941100"><ele>89.40</ele><time>2019-03-17T09:59:43Z</time></trkpt><trkpt lat="52.6589850" lon="13.2941960"><ele>89.50</ele><time>2019-03-17T09:59:53Z</time></trkpt><trkpt lat="52.6590800" lon="13.2942440"><ele>89.70</ele><time>2019-03-17T09:59:59Z</time></trkpt><trkpt lat="52.6591720" lon="13.2942680"><ele>89.90</ele><time>2019-03-17T10:00:08Z</time></trkpt><trkpt lat="52.6592640" lon="13.2942300"><ele>90.00</ele><time>2019-03-17T10:00:17Z</time></trkpt><trkpt lat="52.6593600" lon="13.2942400"><ele>90.20</ele><time>2019-03-17T10:00:30Z</time></trkpt><trkpt lat="52.6594300" lon="13.2943350"><ele>90.30</ele><time>2019-03-17T10:00:38Z</time></trkpt><trkpt lat="52.6595230" lon="13.2943930"><ele>90.50</ele><time>2019-03-17T10:00:57Z</time></trkpt><trkpt lat="52.6596000" lon="13.2944960"><ele>90.70</ele><time>2019-03-17T10:01:06Z</time></trkpt><trkpt lat="52.6596760" lon="13.2945980"><ele>90.80</ele><time>2019-03-17T10:01:15Z</time></trkpt><trkpt lat="52.6597440" lon="13.2947070"><ele>91.00</ele><time>2019-03-17T10:01:22Z</time></trkpt><trkpt lat="52.6598200" lon="13.2948140"><ele>91.20</ele><time>2019-03-17T10:01:29Z</time></trkpt><trkpt lat="52.6599000" lon="13.2948910"><ele>91.00</ele><time>2019-03-17T10:01:37Z</time></trkpt><trkpt lat="52.6599800" lon="13.2949710"><ele>90.80</ele><time>2019-03-17T10:01:45Z</time></trkpt><trkpt lat="52.6600300" lon="13.2951070"><ele>90.50</ele><time>2019-03-17T10:01:58Z</time></trkpt><trkpt lat="52.6601260" lon="13.2951160"><ele>90.30</ele><time>2019-03-17T10:02:10Z</time></trkpt><trkpt lat="52.6602130" lon="13.2951740"><ele>90.00</ele><time>2019-03-17T10:02:23Z</time></trkpt><trkpt lat="52.6603050" lon="13.2952280"><ele>89.80</ele><time>2019-03-17T10:02:35Z</time></trkpt><trkpt lat="52.6604000" lon="13.2952420"><ele>89.50</ele><time>2019-03-17T10:02:45Z</time></trkpt><trkpt lat="52.6604900" lon="13.2952690"><ele>89.30</ele><time>2019-03-17T10:02:57Z</time></trkpt><trkpt lat="52.6605800" lon="13.2953280"><ele>89.00</ele><time>2019-03-17T10:03:06Z</time></trkpt><trkpt lat="52.6606670" lon="13.2952990"><ele>88.80</ele><time>2019-03-17T10:03:24Z</time></trkpt><trkpt lat="52.6607630" lon="13.2952990"><ele>88.60</ele><time>2019-03-17T10:03:42Z</time></trkpt><trkpt lat="52.6608540" lon="13.2952960"><ele>88.30</ele><time>2019-03-17T10:03:58Z</time></trkpt><trkpt lat="52.6609300" lon="13.2952000"><ele>88.10</ele><time>2019-03-17T10:04:13Z</time></trkpt><trkpt lat="52.6610340" lon="13.2951980"><ele>87.80</ele><time>2019-03-17T10:04:26Z</time></trkpt><trkpt lat="52.6611330" lon="13.2952250"><ele>87.60</ele><time>2019-03-17T10:04:34Z</time></trkpt><trkpt lat="52.6612240" lon="13.2952590"><ele>87.30</ele><time>2019-03-17T10:04:41Z</time></trkpt><trkpt lat="52.6613200" lon="13.2952590"><ele>87.10</ele><time>2019-03-17T10:04:50Z</time></trkpt><trkpt lat="52.6614000" lon="13.2953380"><ele>86.80</ele><time>2019-03-17T10:05:13Z</time></trkpt><trkpt lat="52.6614760" lon="13.2954440"><ele>86.60</ele><time>2019-03-17T10:05:26Z</time></trkpt><trkpt lat="52.6615520" lon="13.2955840"><ele>86.90</ele><time>2019-03-17T10:05:35Z</time></trkpt><trkpt lat="52.6616000" lon="13.2957130"><ele>87.20</ele><time>2019-03-17T10:05:42Z</time></trkpt><trkpt lat="52.6615900" lon="13.2958630"><ele>87.50</ele><time>2019-03-17T10:05:50Z</time></trkpt><trkpt lat="52.6616170" lon="13.2960050"><ele>87.80</ele><time>2019-03-17T10:05:57Z</time></trkpt><trkpt lat="52.6616400" lon="13.2961550"><ele>88.10</ele><time>2019-03-17T10:06:05Z</time></trkpt><trkpt lat="52.6616440" lon="13.2963070"><ele>88.40</ele><time>2019-03-17T10:06:14Z</time></trkpt><trkpt lat="52.6616700" lon="13.2964550"><ele>88.70</ele><time>2019-03-17T10:06:22Z</time></trkpt><trkpt lat="52.6616800" lon="13.2966170"><ele>89.00</ele><time>2019-03-17T10:06:31Z</time></trkpt><trkpt lat="52.6617160" lon="13.2967650"><ele>89.30</ele><time>2019-03-17T10:06:39Z</time></trkpt><trkpt lat="52.6617500" lon="13.2969260"><ele>89.60</ele><time>2019-03-17T10:06:48Z</time></trkpt><trkpt lat="52.6617500" lon="13.2970890"><ele>89.90</ele><time>2019-03-17T10:06:58Z</time></trkpt><trkpt lat="52.6617770" lon="13.2972360"><ele>90.20</ele><time>2019-03-17T10:07:07Z</time></trkpt><trkpt lat="52.6618200" lon="13.2973680"><ele>90.50</ele><time>2019-03-17T10:07:16Z</time></trkpt><trkpt lat="52.6618000" lon="13.2975170"><ele>90.70</ele><time>2019-03-17T10:07:24Z</time></trkpt><trkpt lat="52.6617970" lon="13.2976800"><ele>91.00</ele><time>2019-03-17T10:07:32Z</time></trkpt><trkpt lat="52.6618100" lon="13.2978390"><ele>91.40</ele><time>2019-03-17T10:07:43Z</time></trkpt><trkpt lat="52.6618400" lon="13.2979840"><ele>91.60</ele><time>2019-03-17T10:07:52Z</time></trkpt><trkpt lat="52.6618080" lon="13.2981270"><ele>91.90</ele><time>2019-03-17T10:08:00Z</time></trkpt><trkpt lat="52.6617800" lon="13.2982690"><ele>92.20</ele><time>2019-03-17T10:08:07Z</time></trkpt><trkpt lat="52.6617900" lon="13.2984230"><ele>92.30</ele><time>2019-03-17T10:08:16Z</time></trkpt><trkpt lat="52.6617800" lon="13.2985740"><ele>92.40</ele><time>2019-03-17T10:08:24Z</time></trkpt><trkpt lat="52.6618100" lon="13.2987230"><ele>92.50</ele><time>2019-03-17T10:08:30Z</time></trkpt><trkpt lat="52.6617770" lon="13.2988730"><ele>92.60</ele><time>2019-03-17T10:08:38Z</time></trkpt><trkpt lat="52.6617550" lon="13.2990270"><ele>92.70</ele><time>2019-03-17T10:08:48Z</time></trkpt><trkpt lat="52.6617620" lon="13.2991780"><ele>92.80</ele><time>2019-03-17T10:08:58Z</time></trkpt><trkpt lat="52.6618100" lon="13.2993030"><ele>92.90</ele><time>2019-03-17T10:09:08Z</time></trkpt><trkpt lat="52.6619000" lon="13.2993490"><ele>93.00</ele><time>2019-03-17T10:09:22Z</time></trkpt><trkpt lat="52.6619900" lon="13.2993450"><ele>93.10</ele><time>2019-03-17T10:09:36Z</time></trkpt><trkpt lat="52.6620860" lon="13.2993680"><ele>93.20</ele><time>2019-03-17T10:09:47Z</time></trkpt><trkpt lat="52.6621780" lon="13.2994130"><ele>93.30</ele><time>2019-03-17T10:10:02Z</time></trkpt><trkpt lat="52.6622540" lon="13.2995190"><ele>93.40</ele><time>2019-03-17T10:10:17Z</time></trkpt><trkpt lat="52.6623000" lon="13.2996530"><ele>93.50</ele><time>2019-03-17T10:10:23Z</time></trkpt><trkpt lat="52.6623300" lon="13.2998040"><ele>93.60</ele><time>2019-03-17T10:10:33Z</time></trkpt><trkpt lat="52.6623540" lon="13.2999500"><ele>93.70</ele><time>2019-03-17T10:10:45Z</time></trkpt><trkpt lat="52.6623900" lon="13.3000950"><ele>93.80</ele><time>2019-03-17T10:10:54Z</time></trkpt><trkpt lat="52.6624680" lon="13.3002640"><ele>93.90</ele><time>2019-03-17T10:11:07Z</time></trkpt><trkpt lat="52.6625140" lon="13.3004130"><ele>94.00</ele><time>2019-03-17T10:11:17Z</time></trkpt><trkpt lat="52.6625600" lon="13.3005480"><ele>94.20</ele><time>2019-03-17T10:11:25Z</time></trkpt><trkpt lat="52.6625820" lon="13.3006910"><ele>94.30</ele><time>2019-03-17T10:11:35Z</time></trkpt><trkpt lat="52.6626630" lon="13.3007610"><ele>94.40</ele><time>2019-03-17T10:11:43Z</time></trkpt><trkpt lat="52.6627160" lon="13.3008980"><ele>94.60</ele><time>2019-03-17T10:11:51Z</time></trkpt><trkpt lat="52.6628000" lon="13.3009630"><ele>94.70</ele><time>2019-03-17T10:11:59Z</time></trkpt><trkpt lat="52.6628700" lon="13.3010650"><ele>94.90</ele><time>2019-03-17T10:12:07Z</time></trkpt><trkpt lat="52.6629520" lon="13.3011440"><ele>95.00</ele><time>2019-03-17T10:12:16Z</time></trkpt><trkpt lat="52.6630360" lon="13.3012320"><ele>95.10</ele><time>2019-03-17T10:12:26Z</time></trkpt><trkpt lat="52.6631000" lon="13.3013450"><ele>95.30</ele><time>2019-03-17T10:12:36Z</time></trkpt><trkpt lat="52.6631620" lon="13.3014620"><ele>95.40</ele><time>2019-03-17T10:12:45Z</time></trkpt><trkpt lat="52.6631850" lon="13.3016130"><ele>95.60</ele><time>2019-03-17T10:12:53Z</time></trkpt><trkpt lat="52.6632730" lon="13.3016650"><ele>95.70</ele><time>2019-03-17T10:13:01Z</time></trkpt><trkpt lat="52.6633570" lon="13.3017330"><ele>95.80</ele><time>2019-03-17T10:13:09Z</time></trkpt><trkpt lat="52.6634180" lon="13.3018430"><ele>96.00</ele><time>2019-03-17T10:13:20Z</time></trkpt><trkpt lat="52.6634830" lon="13.3019570"><ele>96.10</ele><time>2019-03-17T10:13:37Z</time></trkpt><trkpt lat="52.6635440" lon="13.3020770"><ele>96.30</ele><time>2019-03-17T10:13:47Z</time></trkpt><trkpt lat="52.6636160" lon="13.3021950"><ele>96.40</ele><time>2019-03-17T10:13:59Z</time></trkpt><trkpt lat="52.6637000" lon="13.3022700"><ele>96.60</ele><time>2019-03-17T10:14:04Z</time></trkpt><trkpt lat="52.6638370" lon="13.3025130"><ele>96.50</ele><time>2019-03-17T10:14:31Z</time></trkpt><trkpt lat="52.6639100" lon="13.3026080"><ele>96.00</ele><time>2019-03-17T10:14:38Z</time></trkpt><trkpt lat="52.6639940" lon="13.3026980"><ele>95.50</ele><time>2019-03-17T10:14:44Z</time></trkpt><trkpt lat="52.6640620" lon="13.3028150"><ele>95.00</ele><time>2019-03-17T10:14:52Z</time></trkpt><trkpt lat="52.6641400" lon="13.3028990"><ele>94.50</ele><time>2019-03-17T10:15:01Z</time></trkpt><trkpt lat="52.6642340" lon="13.3028390"><ele>93.90</ele><time>2019-03-17T10:15:10Z</time></trkpt><trkpt lat="52.6643200" lon="13.3027610"><ele>93.40</ele><time>2019-03-17T10:15:19Z</time></trkpt><trkpt lat="52.6644000" lon="13.3026670"><ele>92.90</ele><time>2019-03-17T10:15:33Z</time></trkpt><trkpt lat="52.6644900" lon="13.3026050"><ele>92.40</ele><time>2019-03-17T10:15:43Z</time></trkpt><trkpt lat="52.6645800" lon="13.3025910"><ele>91.90</ele><time>2019-03-17T10:15:52Z</time></trkpt><trkpt lat="52.6646730" lon="13.3026110"><ele>91.50</ele><time>2019-03-17T10:16:01Z</time></trkpt><trkpt lat="52.6647760" lon="13.3026570"><ele>90.90</ele><time>2019-03-17T10:16:11Z</time></trkpt><trkpt lat="52.6648600" lon="13.3027080"><ele>90.40</ele><time>2019-03-17T10:16:17Z</time></trkpt><trkpt lat="52.6649440" lon="13.3028000"><ele>89.90</ele><time>2019-03-17T10:16:26Z</time></trkpt><trkpt lat="52.6650400" lon="13.3028490"><ele>89.40</ele><time>2019-03-17T10:16:35Z</time></trkpt><trkpt lat="52.6651200" lon="13.3029400"><ele>88.90</ele><time>2019-03-17T10:16:42Z</time></trkpt><trkpt lat="52.6652030" lon="13.3030030"><ele>88.40</ele><time>2019-03-17T10:16:49Z</time></trkpt><trkpt lat="52.6652900" lon="13.3030370"><ele>87.90</ele><time>2019-03-17T10:16:58Z</time></trkpt><trkpt lat="52.6653860" lon="13.3030670"><ele>87.40</ele><time>2019-03-17T10:17:06Z</time></trkpt><trkpt lat="52.6654700" lon="13.3031310"><ele>87.90</ele><time>2019-03-17T10:17:19Z</time></trkpt><trkpt lat="52.6655650" lon="13.3031480"><ele>88.50</ele><time>2019-03-17T10:17:29Z</time></trkpt><trkpt lat="52.6656600" lon="13.3031860"><ele>89.10</ele><time>2019-03-17T10:17:39Z</time></trkpt><trkpt lat="52.6657450" lon="13.3032460"><ele>89.70</ele><time>2019-03-17T10:17:46Z</time></trkpt><trkpt lat="52.6658200" lon="13.3033380"><ele>90.30</ele><time>2019-03-17T10:18:07Z</time></trkpt><trkpt lat="52.6659280" lon="13.3033410"><ele>90.90</ele><time>2019-03-17T10:18:18Z</time></trkpt><trkpt lat="52.6660160" lon="13.3033810"><ele>91.50</ele><time>2019-03-17T10:18:25Z</time></trkpt><trkpt lat="52.6661100" lon="13.3033920"><ele>92.00</ele><time>2019-03-17T10:18:36Z</time></trkpt><trkpt lat="52.6661900" lon="13.3034870"><ele>92.60</ele><time>2019-03-17T10:18:47Z</time></trkpt><trkpt lat="52.6662300" lon="13.3036260"><ele>93.20</ele><time>2019-03-17T10:18:56Z</time></trkpt><trkpt lat="52.6662370" lon="13.3037760"><ele>93.80</ele><time>2019-03-17T10:19:06Z</time></trkpt><trkpt lat="52.6662560" lon="13.3039310"><ele>94.40</ele><time>2019-03-17T10:19:15Z</time></trkpt><trkpt lat="52.6663170" lon="13.3040450"><ele>94.90</ele><time>2019-03-17T10:19:25Z</time></trkpt><trkpt lat="52.6664120" lon="13.3040460"><ele>95.50</ele><time>2019-03-17T10:19:37Z</time></trkpt><trkpt lat="52.6665040" lon="13.3040320"><ele>96.10</ele><time>2019-03-17T10:20:27Z</time></trkpt><trkpt lat="52.6666000" lon="13.3040870"><ele>96.70</ele><time>2019-03-17T10:20:35Z</time></trkpt><trkpt lat="52.6666900" lon="13.3041180"><ele>97.20</ele><time>2019-03-17T10:20:44Z</time></trkpt><trkpt lat="52.6667820" lon="13.3041300"><ele>97.80</ele><time>2019-03-17T10:20:52Z</time></trkpt><trkpt lat="52.6668660" lon="13.3041810"><ele>98.30</ele><time>2019-03-17T10:21:02Z</time></trkpt><trkpt lat="52.6669600" lon="13.3042180"><ele>98.30</ele><time>2019-03-17T10:21:09Z</time></trkpt><trkpt lat="52.6670530" lon="13.3042440"><ele>98.30</ele><time>2019-03-17T10:21:17Z</time></trkpt><trkpt lat="52.6672000" lon="13.3043300"><ele>98.20</ele><time>2019-03-17T10:22:31Z</time></trkpt><trkpt lat="52.6672360" lon="13.3044720"><ele>98.20</ele><time>2019-03-17T10:22:43Z</time></trkpt><trkpt lat="52.6672020" lon="13.3046100"><ele>98.10</ele><time>2019-03-17T10:22:51Z</time></trkpt><trkpt lat="52.6671830" lon="13.3047580"><ele>98.10</ele><time>2019-03-17T10:22:59Z</time></trkpt><trkpt lat="52.6672130" lon="13.3049070"><ele>98.00</ele><time>2019-03-17T10:23:08Z</time></trkpt><trkpt lat="52.6672330" lon="13.3050550"><ele>98.00</ele><time>2019-03-17T10:23:17Z</time></trkpt><trkpt lat="52.6672200" lon="13.3052180"><ele>98.00</ele><time>2019-03-17T10:23:25Z</time></trkpt><trkpt lat="52.6672480" lon="13.3053600"><ele>97.90</ele><time>2019-03-17T10:23:33Z</time></trkpt><trkpt lat="52.6672400" lon="13.3055230"><ele>97.90</ele><time>2019-03-17T10:23:42Z</time></trkpt><trkpt lat="52.6672330" lon="13.3056740"><ele>97.80</ele><time>2019-03-17T10:23:53Z</time></trkpt><trkpt lat="52.6672100" lon="13.3058200"><ele>97.80</ele><time>2019-03-17T10:24:15Z</time></trkpt><trkpt lat="52.6672200" lon="13.3059810"><ele>97.70</ele><time>2019-03-17T10:24:24Z</time></trkpt><trkpt lat="52.6672170" lon="13.3061460"><ele>97.70</ele><time>2019-03-17T10:24:33Z</time></trkpt><trkpt lat="52.6671800" lon="13.3062810"><ele>97.70</ele><time>2019-03-17T10:24:42Z</time></trkpt><trkpt lat="52.6671400" lon="13.3064200"><ele>97.60</ele><time>2019-03-17T10:24:50Z</time></trkpt><trkpt lat="52.6671180" lon="13.3065750"><ele>97.60</ele><time>2019-03-17T10:25:00Z</time></trkpt><trkpt lat="52.6670950" lon="13.3067200"><ele>97.40</ele><time>2019-03-17T10:25:19Z</time></trkpt><trkpt lat="52.6671140" lon="13.3068750"><ele>97.20</ele><time>2019-03-17T10:25:26Z</time></trkpt><trkpt lat="52.6671330" lon="13.3070410"><ele>97.00</ele><time>2019-03-17T10:25:36Z</time></trkpt><trkpt lat="52.6671200" lon="13.3071990"><ele>96.80</ele><time>2019-03-17T10:25:44Z</time></trkpt><trkpt lat="52.6671140" lon="13.3073580"><ele>96.60</ele><time>2019-03-17T10:25:52Z</time></trkpt><trkpt lat="52.6671300" lon="13.3075130"><ele>96.40</ele><time>2019-03-17T10:26:00Z</time></trkpt><trkpt lat="52.6671560" lon="13.3076720"><ele>96.20</ele><time>2019-03-17T10:26:21Z</time></trkpt><trkpt lat="52.6671830" lon="13.3078170"><ele>96.00</ele><time>2019-03-17T10:26:29Z</time></trkpt><trkpt lat="52.6671560" lon="13.3079740"><ele>95.80</ele><time>2019-03-17T10:26:36Z</time></trkpt><trkpt lat="52.6671520" lon="13.3081220"><ele>95.60</ele><time>2019-03-17T10:26:46Z</time></trkpt><trkpt lat="52.6671640" lon="13.3082730"><ele>95.40</ele><time>2019-03-17T10:26:52Z</time></trkpt><trkpt lat="52.6671330" lon="13.3084130"><ele>95.20</ele><time>2019-03-17T10:27:01Z</time></trkpt><trkpt lat="52.6671030" lon="13.3085670"><ele>95.00</ele><time>2019-03-17T10:27:10Z</time></trkpt><trkpt lat="52.6670800" lon="13.3087100"><ele>94.80</ele><time>2019-03-17T10:27:19Z</time></trkpt><trkpt lat="52.6670600" lon="13.3088610"><ele>94.60</ele><time>2019-03-17T10:27:32Z</time></trkpt><trkpt lat="52.6671070" lon="13.3089960"><ele>94.40</ele><time>2019-03-17T10:27:41Z</time></trkpt><trkpt lat="52.6671070" lon="13.3091610"><ele>94.20</ele><time>2019-03-17T10:27:50Z</time></trkpt><trkpt lat="52.6671180" lon="13.3093110"><ele>94.00</ele><time>2019-03-17T10:27:57Z</time></trkpt><trkpt lat="52.6671030" lon="13.3094690"><ele>93.80</ele><time>2019-03-17T10:28:06Z</time></trkpt><trkpt lat="52.6670900" lon="13.3096290"><ele>94.00</ele><time>2019-03-17T10:28:15Z</time></trkpt><trkpt lat="52.6670700" lon="13.3097810"><ele>94.30</ele><time>2019-03-17T10:28:23Z</time></trkpt><trkpt lat="52.6670720" lon="13.3099380"><ele>94.60</ele><time>2019-03-17T10:28:31Z</time></trkpt><trkpt lat="52.6670760" lon="13.3100960"><ele>95.00</ele><time>2019-03-17T10:28:38Z</time></trkpt><trkpt lat="52.6670800" lon="13.3102460"><ele>95.30</ele><time>2019-03-17T10:28:46Z</time></trkpt><trkpt lat="52.6670530" lon="13.3104740"><ele>95.80</ele><time>2019-03-17T10:29:43Z</time></trkpt><trkpt lat="52.6670460" lon="13.3106310"><ele>96.10</ele><time>2019-03-17T10:29:57Z</time></trkpt><trkpt lat="52.6670760" lon="13.3107910"><ele>96.50</ele><time>2019-03-17T10:30:05Z</time></trkpt><trkpt lat="52.6670720" lon="13.3109420"><ele>96.80</ele><time>2019-03-17T10:30:12Z</time></trkpt><trkpt lat="52.6670720" lon="13.3110910"><ele>97.10</ele><time>2019-03-17T10:30:20Z</time></trkpt><trkpt lat="52.6670760" lon="13.3112550"><ele>97.50</ele><time>2019-03-17T10:30:30Z</time></trkpt><trkpt lat="52.6670840" lon="13.3114220"><ele>97.80</ele><time>2019-03-17T10:30:38Z</time></trkpt><trkpt lat="52.6670880" lon="13.3115770"><ele>98.20</ele><time>2019-03-17T10:30:45Z</time></trkpt><trkpt lat="52.6670700" lon="13.3117290"><ele>98.50</ele><time>2019-03-17T10:30:56Z</time></trkpt><trkpt lat="52.6670500" lon="13.3118880"><ele>98.80</ele><time>2019-03-17T10:31:04Z</time></trkpt><trkpt lat="52.6670400" lon="13.3120380"><ele>99.20</ele><time>2019-03-17T10:31:11Z</time></trkpt><trkpt lat="52.6670150" lon="13.3121840"><ele>99.50</ele><time>2019-03-17T10:31:19Z</time></trkpt><trkpt lat="52.6670150" lon="13.3123480"><ele>99.80</ele><time>2019-03-17T10:31:27Z</time></trkpt><trkpt lat="52.6670400" lon="13.3124900"><ele>100.00</ele><time>2019-03-17T10:31:34Z</time></trkpt><trkpt lat="52.6670300" lon="13.3126500"><ele>99.60</ele><time>2019-03-17T10:31:42Z</time></trkpt><trkpt lat="52.6670150" lon="13.3128060"><ele>99.30</ele><time>2019-03-17T10:31:50Z</time></trkpt><trkpt lat="52.6670340" lon="13.3129570"><ele>98.90</ele><time>2019-03-17T10:31:57Z</time></trkpt><trkpt lat="52.6670340" lon="13.3131140"><ele>98.60</ele><time>2019-03-17T10:32:04Z</time></trkpt><trkpt lat="52.6669850" lon="13.3132630"><ele>98.20</ele><time>2019-03-17T10:32:13Z</time></trkpt><trkpt lat="52.6669460" lon="13.3134100"><ele>97.80</ele><time>2019-03-17T10:32:23Z</time></trkpt><trkpt lat="52.6669430" lon="13.3135620"><ele>97.50</ele><time>2019-03-17T10:32:31Z</time></trkpt><trkpt lat="52.6669400" lon="13.3137140"><ele>97.10</ele><time>2019-03-17T10:32:38Z</time></trkpt><trkpt lat="52.6669430" lon="13.3138710"><ele>96.80</ele><time>2019-03-17T10:32:46Z</time></trkpt><trkpt lat="52.6669770" lon="13.3140260"><ele>96.40</ele><time>2019-03-17T10:32:53Z</time></trkpt><trkpt lat="52.6669700" lon="13.3141790"><ele>96.00</ele><time>2019-03-17T10:33:00Z</time></trkpt><trkpt lat="52.6669800" lon="13.3143380"><ele>95.70</ele><time>2019-03-17T10:33:09Z</time></trkpt><trkpt lat="52.6669600" lon="13.3144990"><ele>95.30</ele><time>2019-03-17T10:33:18Z</time></trkpt><trkpt lat="52.6669650" lon="13.3146560"><ele>94.90</ele><time>2019-03-17T10:33:27Z</time></trkpt><trkpt lat="52.6669540" lon="13.3148140"><ele>94.60</ele><time>2019-03-17T10:33:43Z</time></trkpt><trkpt lat="52.6669400" lon="13.3149700"><ele>94.20</ele><time>2019-03-17T10:33:52Z</time></trkpt><trkpt lat="52.6669350" lon="13.3151330"><ele>93.80</ele><time>2019-03-17T10:34:00Z</time></trkpt><trkpt lat="52.6669460" lon="13.3152810"><ele>93.50</ele><time>2019-03-17T10:34:29Z</time></trkpt><trkpt lat="52.6670340" lon="13.3153220"><ele>93.30</ele><time>2019-03-17T10:34:37Z</time></trkpt><trkpt lat="52.6671180" lon="13.3153950"><ele>93.30</ele><time>2019-03-17T10:34:44Z</time></trkpt><trkpt lat="52.6671100" lon="13.3155460"><ele>93.30</ele><time>2019-03-17T10:34:53Z</time></trkpt><trkpt lat="52.6670600" lon="13.3156820"><ele>93.30</ele><time>2019-03-17T10:35:02Z</time></trkpt><trkpt lat="52.6670200" lon="13.3158300"><ele>93.30</ele><time>2019-03-17T10:35:11Z</time></trkpt><trkpt lat="52.6669650" lon="13.3159690"><ele>93.30</ele><time>2019-03-17T10:35:18Z</time></trkpt><trkpt lat="52.6669000" lon="13.3160980"><ele>93.30</ele><time>2019-03-17T10:35:27Z</time></trkpt><trkpt lat="52.6668600" lon="13.3162370"><ele>93.30</ele><time>2019-03-17T10:35:34Z</time></trkpt><trkpt lat="52.6668000" lon="13.3163850"><ele>93.30</ele><time>2019-03-17T10:35:41Z</time></trkpt><trkpt lat="52.6667400" lon="13.3164960"><ele>93.30</ele><time>2019-03-17T10:35:50Z</time></trkpt><trkpt lat="52.6667140" lon="13.3166440"><ele>93.30</ele><time>2019-03-17T10:35:58Z</time></trkpt><trkpt lat="52.6666220" lon="13.3166540"><ele>93.30</ele><time>2019-03-17T10:36:08Z</time></trkpt><trkpt lat="52.6665270" lon="13.3165840"><ele>93.30</ele><time>2019-03-17T10:36:15Z</time></trkpt><trkpt lat="52.6664350" lon="13.3165100"><ele>93.30</ele><time>2019-03-17T10:36:22Z</time></trkpt><trkpt lat="52.6663500" lon="13.3164230"><ele>93.30</ele><time>2019-03-17T10:36:29Z</time></trkpt><trkpt lat="52.6662700" lon="13.3163150"><ele>93.30</ele><time>2019-03-17T10:36:37Z</time></trkpt><trkpt lat="52.6661870" lon="13.3162510"><ele>93.30</ele><time>2019-03-17T10:36:44Z</time></trkpt><trkpt lat="52.6660960" lon="13.3161960"><ele>93.30</ele><time>2019-03-17T10:36:51Z</time></trkpt><trkpt lat="52.6660230" lon="13.3160720"><ele>93.30</ele><time>2019-03-17T10:37:05Z</time></trkpt><trkpt lat="52.6659300" lon="13.3160090"><ele>93.30</ele><time>2019-03-17T10:37:11Z</time></trkpt><trkpt lat="52.6658480" lon="13.3159490"><ele>93.30</ele><time>2019-03-17T10:37:21Z</time></trkpt><trkpt lat="52.6658200" lon="13.3160920"><ele>93.30</ele><time>2019-03-17T10:37:44Z</time></trkpt></trkseg></trk>
</gpx>
